@id,socrata:rowID{Literal},rdf:type{URIRef},rdfs:member{URIRef},ds:conf_cases{Literal},ds:conf_death{Literal},ds:consent_cases{Literal},ds:consent_deaths{Literal},ds:created_at{Literal},ds:new_case{Literal},ds:new_death{Literal},ds:pnew_case{Literal},ds:pnew_death{Literal},ds:prob_cases{Literal},ds:prob_death{Literal},ds:state{Literal},ds:submission_date{Literal},ds:tot_cases{Literal},ds:tot_death{Literal}
ds:row-27gy.zhdh.g955,row-27gy.zhdh.g955,dsbase:_9mfq-cb36,dsbase:_9mfq-cb36,421128.0,9030.0,Agree,Agree,2021-05-28T00:00:00,202.0,3.0,58,1,125798,2306,AL,2021-05-26T00:00:00,546926,11336
ds:row-29b6_8n35-atux,row-29b6_8n35-atux,dsbase:_9mfq-cb36,dsbase:_9mfq-cb36,33495.0,376.0,Agree,Agree,2020-11-02T14:53:09,694.0,1.0,0,0,0,0,MT,2020-11-01T00:00:00,33495,376
ds:row-2a78_ccjn-cq7d,row-2a78_ccjn-cq7d,dsbase:_9mfq-cb36,dsbase:_9mfq-cb36,217509.0,,Agree,,2020-12-28T14:42:49,1856.0,8.0,0,0,0,,NV,2020-12-27T00:00:00,217509,2952
ds:row-2cg2-t696-fswu,row-2cg2-t696-fswu,dsbase:_9mfq-cb36,dsbase:_9mfq-cb36,101268.0,,Agree,Not agree,2021-06-10T14:48:23,53.0,0.0,16,0,9083,,ND,2021-06-09T00:00:00,110351,1517
ds:row-2pn4.hd9r_2aux,row-2pn4.hd9r_2aux,dsbase:_9mfq-cb36,dsbase:_9mfq-cb36,803.0,,Agree,Not agree,2020-05-25T15:38:40,55.0,1.0,0,0,0,,ND,2020-04-25T00:00:00,803,16
ds:row-2xd5-jspe_7xu9,row-2xd5-jspe_7xu9,dsbase:_9mfq-cb36,dsbase:_9mfq-cb36,558496.0,6267.0,Agree,Agree,2021-02-20T14:45:37,919.0,36.0,145,1,52478,585,WI,2021-02-19T00:00:00,610974,6852
ds:row-2xf9_99fs.msg2,row-2xf9_99fs.msg2,dsbase:_9mfq-cb36,dsbase:_9mfq-cb36,2217.0,19.0,Agree,Agree,2020-03-29T00:00:00,229.0,10.0,3,0,79,3,AL,2020-03-27T00:00:00,2296,22
ds:row-32xq.85nb-wzk8,row-32xq.85nb-wzk8,dsbase:_9mfq-cb36,dsbase:_9mfq-cb36,1382587.0,22835.0,Agree,Agree,2021-06-02T14:35:40,401.0,10.0,0,2,0,2398,IL,2021-06-01T00:00:00,1382587,25233
ds:row-34qd-3dx5.afvm,row-34qd-3dx5.afvm,dsbase:_9mfq-cb36,dsbase:_9mfq-cb36,215819.0,3896.0,Agree,Agree,2020-10-05T00:00:00,875.0,28.0,60,1,6749,48,NC,2020-10-05T00:00:00,222568,3944
ds:row-3edp-nr2t_igr8,row-3edp-nr2t_igr8,dsbase:_9mfq-cb36,dsbase:_9mfq-cb36,70009.0,1081.0,Agree,Agree,2020-08-23T14:15:28,975.0,14.0,25,1,4717,8,WI,2020-08-22T00:00:00,74726,1089
ds:row-3fsg.j32d.rbej,row-3fsg.j32d.rbej,dsbase:_9mfq-cb36,dsbase:_9mfq-cb36,,2419.0,N/A,Agree,2020-05-29T00:00:00,1286.0,43.0,0,0,,117,MD,2020-05-27T00:00:00,49709,2536
ds:row-3qjs-abat.5wwq,row-3qjs-abat.5wwq,dsbase:_9mfq-cb36,dsbase:_9mfq-cb36,138765.0,3391.0,Agree,Agree,2020-09-27T00:00:00,859.0,8.0,183,2,21345,510,AL,2020-09-25T00:00:00,160110,3901
ds:row-3utz_sjtp-udy9,row-3utz_sjtp-udy9,dsbase:_9mfq-cb36,dsbase:_9mfq-cb36,342.0,,Agree,Agree,2020-04-01T00:00:00,36.0,1.0,0,,2,,DE,2020-03-30T00:00:00,344,7
ds:row-3wxe-7tqu.ebxa,row-3wxe-7tqu.ebxa,dsbase:_9mfq-cb36,dsbase:_9mfq-cb36,112195.0,5996.0,Agree,Agree,2020-06-30T00:00:00,1873.0,10.0,204,0,11305,307,MI,2020-06-29T00:00:00,123500,6303
ds:row-4248_kn26_5ast,row-4248_kn26_5ast,dsbase:_9mfq-cb36,dsbase:_9mfq-cb36,309048.0,6617.0,Agree,Agree,2021-04-26T13:45:41,722.0,0.0,0,0,27162,1430,CT,2021-04-25T00:00:00,336210,8047
ds:row-42md_4e63.56yf,row-42md_4e63.56yf,dsbase:_9mfq-cb36,dsbase:_9mfq-cb36,,,Not agree,Not agree,2020-05-28T15:12:25,55.0,9.0,0,0,,,NH,2020-05-27T00:00:00,4286,223
ds:row-46hp.zxbs.fnk5,row-46hp.zxbs.fnk5,dsbase:_9mfq-cb36,dsbase:_9mfq-cb36,5827.0,158.0,Agree,Agree,2020-04-15T00:00:00,284.0,16.0,0,0,5,0,NC,2020-04-15T00:00:00,5832,158
ds:row-4a4z.ymu6_3fvz,row-4a4z.ymu6_3fvz,dsbase:_9mfq-cb36,dsbase:_9mfq-cb36,2520.0,62.0,Agree,Agree,2020-05-29T14:19:55,38.0,0.0,3,0,249,20,ID,2020-05-28T00:00:00,2769,82
ds:row-4dca_css3.5q77,row-4dca_css3.5q77,dsbase:_9mfq-cb36,dsbase:_9mfq-cb36,,1035.0,Not agree,Agree,2021-10-14T14:11:16,949.0,46.0,0,2,,121,IN,2020-04-27T00:00:00,15961,1156
ds:row-4k8a_8i5r_wr8g,row-4k8a_8i5r_wr8g,dsbase:_9mfq-cb36,dsbase:_9mfq-cb36,84287.0,3333.0,Agree,Agree,2020-05-11T00:00:00,1575.0,88.0,2,0,97,0,CA,2020-05-11T00:00:00,84384,3333
ds:row-4n96.iype-q338,row-4n96.iype-q338,dsbase:_9mfq-cb36,dsbase:_9mfq-cb36,656725.0,9160.0,Agree,Agree,2021-01-23T00:00:00,6093.0,92.0,1153,20,86967,1054,NC,2021-01-23T00:00:00,743692,10214
ds:row-4wmt_rf97.ekrk,row-4wmt_rf97.ekrk,dsbase:_9mfq-cb36,dsbase:_9mfq-cb36,,,Not agree,Not agree,2020-08-26T00:00:00,340.0,5.0,0,0,,,NE,2020-08-24T00:00:00,32257,383
ds:row-52ia-n3e6.5s2i,row-52ia-n3e6.5s2i,dsbase:_9mfq-cb36,dsbase:_9mfq-cb36,170194.0,4638.0,Agree,Agree,2021-01-25T00:00:00,1120.0,17.0,650,10,96713,1862,MS,2021-01-23T00:00:00,266907,6500
ds:row-54ix_q8j8-wpjz,row-54ix_q8j8-wpjz,dsbase:_9mfq-cb36,dsbase:_9mfq-cb36,57779.0,978.0,Agree,Agree,2020-08-07T23:57:59,875.0,8.0,36,0,4206,7,WI,2020-08-06T00:00:00,61985,985
ds:row-5avj_pzu6_c5as,row-5avj_pzu6_c5as,dsbase:_9mfq-cb36,dsbase:_9mfq-cb36,,,Not agree,Not agree,2020-07-09T15:14:15,2.0,0.0,0,0,,,GU,2020-07-08T00:00:00,309,5
ds:row-5ggg-k27s.n8ks,row-5ggg-k27s.n8ks,dsbase:_9mfq-cb36,dsbase:_9mfq-cb36,21214.0,574.0,Agree,Agree,2020-10-12T00:00:00,132.0,3.0,3,0,1072,80,DE,2020-10-10T00:00:00,22286,654
ds:row-5iqf-qspv_n8e2,row-5iqf-qspv_n8e2,dsbase:_9mfq-cb36,dsbase:_9mfq-cb36,417156.0,,Agree,,2021-09-27T13:21:43,660.0,10.0,0,0,0,,NV,2021-09-25T00:00:00,417156,7025
ds:row-5mtp_23eb_tk7e,row-5mtp_23eb_tk7e,dsbase:_9mfq-cb36,dsbase:_9mfq-cb36,,,Not agree,Not agree,2021-03-26T00:00:00,354.0,9.0,0,0,,,NE,2021-03-24T00:00:00,208544,2159
ds:row-5u3r-w9vu.fiz8,row-5u3r-w9vu.fiz8,dsbase:_9mfq-cb36,dsbase:_9mfq-cb36,181480.0,4837.0,Agree,Agree,2021-02-19T00:00:00,491.0,12.0,262,1,109934,2091,MS,2021-02-17T00:00:00,291414,6928
ds:row-5w34-9iig-tvu5,row-5w34-9iig-tvu5,dsbase:_9mfq-cb36,dsbase:_9mfq-cb36,206081.0,7744.0,Agree,Agree,2020-08-17T14:26:31,1562.0,18.0,0,0,1332,211,IL,2020-08-16T00:00:00,207413,7955
ds:row-5zcu.ke2u-rehb,row-5zcu.ke2u-rehb,dsbase:_9mfq-cb36,dsbase:_9mfq-cb36,326019.0,,Agree,,2021-06-08T15:05:30,209.0,7.0,0,0,0,,NV,2021-06-07T00:00:00,326019,5607
ds:row-6dp9_2u2d.6764,row-6dp9_2u2d.6764,dsbase:_9mfq-cb36,dsbase:_9mfq-cb36,430170.0,,Agree,,2021-10-15T13:51:07,707.0,45.0,92,0,10330,,NV,2021-10-14T00:00:00,440500,7412
ds:row-6mkm-czsn_67k6,row-6mkm-czsn_67k6,dsbase:_9mfq-cb36,dsbase:_9mfq-cb36,,9668.0,N/A,Agree,2021-08-16T12:55:48,434.0,2.0,0,0,,221,MD,2021-08-14T00:00:00,479517,9889
ds:row-6nbs_9ru2.qzfb,row-6nbs_9ru2.qzfb,dsbase:_9mfq-cb36,dsbase:_9mfq-cb36,,,,,2020-10-13T13:29:38,0.0,0.0,0,0,,,VI,2020-10-12T00:00:00,1325,20
ds:row-6rmt_ksh7.n8ay,row-6rmt_ksh7.n8ay,dsbase:_9mfq-cb36,dsbase:_9mfq-cb36,5442.0,145.0,Agree,Agree,2020-10-23T13:44:31,35.0,0.0,4,0,653,1,ME,2020-10-22T00:00:00,6095,146
ds:row-6vx7.avqr.y7i3,row-6vx7.avqr.y7i3,dsbase:_9mfq-cb36,dsbase:_9mfq-cb36,873908.0,12015.0,Agree,Agree,2021-07-20T00:00:00,2070.0,8.0,536,0,155334,1615,NC,2021-07-20T00:00:00,1029242,13630
ds:row-6yx6.y98z-x2en,row-6yx6.y98z-x2en,dsbase:_9mfq-cb36,dsbase:_9mfq-cb36,417073.0,8913.0,Agree,Agree,2021-05-07T00:00:00,384.0,8.0,108,1,123957,2277,AL,2021-05-05T00:00:00,541030,11190
ds:row-78ui-4xwi_7fy2,row-78ui-4xwi_7fy2,dsbase:_9mfq-cb36,dsbase:_9mfq-cb36,,,Not agree,Not agree,2020-03-26T16:22:39,0.0,0.0,,,,,GU,2020-03-03T00:00:00,0,0
ds:row-79vs_suiz.6i6y,row-79vs_suiz.6i6y,dsbase:_9mfq-cb36,dsbase:_9mfq-cb36,221634.0,6821.0,Agree,Agree,2020-10-03T00:00:00,1071.0,11.0,113,1,23033,331,MI,2020-10-02T00:00:00,244667,7152
ds:row-7dpi.aerd.ytsb,row-7dpi.aerd.ytsb,dsbase:_9mfq-cb36,dsbase:_9mfq-cb36,,10553.0,Not agree,Agree,2021-01-13T00:00:00,3654.0,74.0,0,1,,367,IN,2021-01-13T00:00:00,574488,10920
ds:row-7rck_rvug-iyzp,row-7rck_rvug-iyzp,dsbase:_9mfq-cb36,dsbase:_9mfq-cb36,177074.0,6431.0,Agree,Agree,2020-08-23T00:00:00,885.0,6.0,56,0,18019,318,MI,2020-08-22T00:00:00,195093,6749
ds:row-7rkb_fzy6-xdpw,row-7rkb_fzy6-xdpw,dsbase:_9mfq-cb36,dsbase:_9mfq-cb36,110153.0,3349.0,Agree,Agree,2020-11-10T00:00:00,591.0,12.0,247,4,19595,480,MS,2020-11-08T00:00:00,129748,3829
ds:row-7w3n-dg6z_rztm,row-7w3n-dg6z_rztm,dsbase:_9mfq-cb36,dsbase:_9mfq-cb36,3014487.0,42354.0,Agree,Agree,2021-01-15T00:00:00,35975.0,628.0,1488,0,108050,0,CA,2021-01-15T00:00:00,3122537,42354
ds:row-7xvr_pzqy_yq6b,row-7xvr_pzqy_yq6b,dsbase:_9mfq-cb36,dsbase:_9mfq-cb36,910608.0,18060.0,Agree,Agree,2020-10-22T00:00:00,4776.0,43.0,126,0,8255,0,CA,2020-10-22T00:00:00,918863,18060
ds:row-7yfv.naat.ats4,row-7yfv.naat.ats4,dsbase:_9mfq-cb36,dsbase:_9mfq-cb36,274543.0,6436.0,Agree,Agree,2021-03-19T14:25:43,1156.0,15.0,116,-1,20941,1386,CT,2021-03-18T00:00:00,295484,7822
ds:row-824p_a2ap.bikz,row-824p_a2ap.bikz,dsbase:_9mfq-cb36,dsbase:_9mfq-cb36,267410.0,2312.0,Agree,Agree,2020-11-09T14:38:54,4407.0,11.0,127,0,14500,80,WI,2020-11-08T00:00:00,281910,2392
ds:row-838q-kmnp-9gs5,row-838q-kmnp-9gs5,dsbase:_9mfq-cb36,dsbase:_9mfq-cb36,759562.0,12830.0,Agree,Agree,2020-12-04T15:00:59,10959.0,228.0,0,37,0,795,IL,2020-12-03T00:00:00,759562,13625
ds:row-87yp.d2pr.ij9m,row-87yp.d2pr.ij9m,dsbase:_9mfq-cb36,dsbase:_9mfq-cb36,34059.0,2524.0,Agree,Agree,2020-05-16T15:46:44,621.0,66.0,-11,8,2026,761,CT,2020-05-15T00:00:00,36085,3285
ds:row-8b5v_dwz6.yrvj,row-8b5v_dwz6.yrvj,dsbase:_9mfq-cb36,dsbase:_9mfq-cb36,,,Not agree,Not agree,2021-05-31T00:00:00,12.0,0.0,0,0,,,NE,2021-05-29T00:00:00,223477,2249
ds:row-8dg8_5eww-adc3,row-8dg8_5eww-adc3,dsbase:_9mfq-cb36,dsbase:_9mfq-cb36,,24.0,N/A,Agree,2020-03-31T00:00:00,247.0,7.0,,1,,1,MD,2020-03-29T00:00:00,1239,25
ds:row-8dmv_gc3r_djp7,row-8dmv_gc3r_djp7,dsbase:_9mfq-cb36,dsbase:_9mfq-cb36,,,Agree,Agree,2020-03-26T16:22:39,0.0,0.0,,,,,CT,2020-02-27T00:00:00,0,0
ds:row-8jmp.uhuu.2h3g,row-8jmp.uhuu.2h3g,dsbase:_9mfq-cb36,dsbase:_9mfq-cb36,,,N/A,N/A,2020-07-05T00:00:00,755.0,10.0,0,0,,,WA,2020-07-03T00:00:00,34901,1352
ds:row-8mii.nihg-5uri,row-8mii.nihg-5uri,dsbase:_9mfq-cb36,dsbase:_9mfq-cb36,,,Not agree,Not agree,2020-03-26T16:22:39,0.0,0.0,,,,,MO,2020-01-27T00:00:00,0,0
ds:row-8p9n_u6qu-cnfz,row-8p9n_u6qu-cnfz,dsbase:_9mfq-cb36,dsbase:_9mfq-cb36,106922.0,,Agree,,2020-11-07T14:45:17,1562.0,21.0,0,0,0,,NV,2020-11-06T00:00:00,106922,1845
ds:row-8ujx_33wv-xvnw,row-8ujx_33wv-xvnw,dsbase:_9mfq-cb36,dsbase:_9mfq-cb36,,,Not agree,Not agree,2020-04-08T16:22:39,31.0,3.0,,,,,NH,2020-04-09T00:00:00,819,21
ds:row-8xnk.d34e_i6du,row-8xnk.d34e_i6du,dsbase:_9mfq-cb36,dsbase:_9mfq-cb36,116717.0,1269.0,Agree,Agree,2021-01-01T14:49:07,1213.0,33.0,346,4,24360,167,ID,2020-12-31T00:00:00,141077,1436
ds:row-92u2_sn9z_wvmd,row-92u2_sn9z_wvmd,dsbase:_9mfq-cb36,dsbase:_9mfq-cb36,,,,,2020-05-09T21:26:08,0.0,0.0,0,0,,,VI,2020-05-08T00:00:00,68,4
ds:row-97z2.8m2t.mazb,row-97z2.8m2t.mazb,dsbase:_9mfq-cb36,dsbase:_9mfq-cb36,,13475.0,Not agree,Agree,2021-06-29T00:00:00,268.0,4.0,0,0,,435,IN,2021-06-29T00:00:00,753528,13910
ds:row-9976_ffqm.texr,row-9976_ffqm.texr,dsbase:_9mfq-cb36,dsbase:_9mfq-cb36,29843.0,1017.0,Agree,Agree,2020-06-17T00:00:00,957.0,17.0,25,1,537,76,AL,2020-06-15T00:00:00,30380,1093
ds:row-99tt-wasr-93yv,row-99tt-wasr-93yv,dsbase:_9mfq-cb36,dsbase:_9mfq-cb36,54002.0,947.0,Agree,Agree,2020-08-02T14:54:37,1124.0,13.0,62,0,4056,7,WI,2020-08-01T00:00:00,58058,954
ds:row-9a8f-jh96.icjv,row-9a8f-jh96.icjv,dsbase:_9mfq-cb36,dsbase:_9mfq-cb36,48887.0,3569.0,Agree,Agree,2020-08-17T14:26:31,0.0,0.0,0,0,2010,884,CT,2020-08-16T00:00:00,50897,4453
ds:row-9jkj-g8uk-ttqw,row-9jkj-g8uk-ttqw,dsbase:_9mfq-cb36,dsbase:_9mfq-cb36,172503.0,6393.0,Agree,Agree,2020-08-19T00:00:00,1454.0,10.0,162,0,17528,318,MI,2020-08-18T00:00:00,190031,6711
ds:row-9mby-c8fi_pv38,row-9mby-c8fi_pv38,dsbase:_9mfq-cb36,dsbase:_9mfq-cb36,,8354.0,N/A,Agree,2021-03-15T00:00:00,1961.0,16.0,0,0,,202,MD,2021-03-13T00:00:00,393441,8556
ds:row-9vcg_ds6d.29xz,row-9vcg_ds6d.29xz,dsbase:_9mfq-cb36,dsbase:_9mfq-cb36,,,N/A,N/A,2020-09-27T00:00:00,1027.0,20.0,26,0,,,WA,2020-09-25T00:00:00,86481,2100
ds:row-9xwg.ivej_8fd5,row-9xwg.ivej_8fd5,dsbase:_9mfq-cb36,dsbase:_9mfq-cb36,,,Agree,Agree,2020-03-26T16:22:39,0.0,0.0,,,,,ME,2020-02-02T00:00:00,0,0
ds:row-9y65_ggdi_uekw,row-9y65_ggdi_uekw,dsbase:_9mfq-cb36,dsbase:_9mfq-cb36,4482953.0,69491.0,Agree,Agree,2021-09-25T00:00:00,6933.0,94.0,584,0,208272,0,CA,2021-09-25T00:00:00,4691225,69491
ds:row-a345.kqnh.h697,row-a345.kqnh.h697,dsbase:_9mfq-cb36,dsbase:_9mfq-cb36,,2174.0,N/A,Agree,2020-05-23T00:00:00,893.0,24.0,0,0,,108,MD,2020-05-21T00:00:00,44424,2282
ds:row-a3sq_9rqa_cijq,row-a3sq_9rqa_cijq,dsbase:_9mfq-cb36,dsbase:_9mfq-cb36,319963.0,6810.0,Agree,Agree,2021-07-08T14:26:57,92.0,-1.0,23,0,29780,1468,CT,2021-07-07T00:00:00,349743,8278
ds:row-a3yn-5a5r_qqas,row-a3yn-5a5r_qqas,dsbase:_9mfq-cb36,dsbase:_9mfq-cb36,103025.0,,Agree,,2020-11-04T15:03:00,911.0,23.0,0,0,0,,NV,2020-11-03T00:00:00,103025,1807
ds:row-a5du-itdi-hqu4,row-a5du-itdi-hqu4,dsbase:_9mfq-cb36,dsbase:_9mfq-cb36,1130917.0,19306.0,Agree,Agree,2021-02-03T14:55:58,2304.0,63.0,0,16,0,2030,IL,2021-02-02T00:00:00,1130917,21336
ds:row-a9vz_suvk_8342,row-a9vz_suvk_8342,dsbase:_9mfq-cb36,dsbase:_9mfq-cb36,,,Not agree,Not agree,2021-07-19T13:20:07,0.0,0.0,0,0,,,GU,2021-07-17T00:00:00,8477,142
ds:row-abcx.m3wv_2r4s,row-abcx.m3wv_2r4s,dsbase:_9mfq-cb36,dsbase:_9mfq-cb36,,3467.0,Not agree,Agree,2020-09-17T00:00:00,837.0,15.0,0,0,,224,IN,2020-09-17T00:00:00,108646,3691
ds:row-ahij-ccth-ffeb,row-ahij-ccth-ffeb,dsbase:_9mfq-cb36,dsbase:_9mfq-cb36,,,Not agree,Not agree,2021-05-28T13:29:21,2.0,0.0,0,0,,,GU,2021-05-27T00:00:00,8156,139
ds:row-aqq5.x7pw_d3w8,row-aqq5.x7pw_d3w8,dsbase:_9mfq-cb36,dsbase:_9mfq-cb36,,,Not agree,Not agree,2020-12-26T14:34:18,0.0,0.0,0,0,,,GU,2020-12-25T00:00:00,7266,121
ds:row-asru.bif5.yafb,row-asru.bif5.yafb,dsbase:_9mfq-cb36,dsbase:_9mfq-cb36,917638.0,19992.0,Agree,Agree,2021-08-13T13:45:25,1934.0,12.0,302,2,109299,1272,MI,2021-08-12T00:00:00,1026937,21264
ds:row-auin-4wfh.rxmm,row-auin-4wfh.rxmm,dsbase:_9mfq-cb36,dsbase:_9mfq-cb36,,,Not agree,Not agree,2020-10-31T13:30:31,116.0,0.0,36,0,,,NH,2020-10-30T00:00:00,10884,482
ds:row-aun9.h3eq_krvh,row-aun9.h3eq_krvh,dsbase:_9mfq-cb36,dsbase:_9mfq-cb36,107459.0,1694.0,Agree,Agree,2021-08-21T13:25:01,408.0,0.0,49,0,8614,157,DE,2021-08-20T00:00:00,116073,1851
ds:row-azuh.jy2u.5dk5,row-azuh.jy2u.5dk5,dsbase:_9mfq-cb36,dsbase:_9mfq-cb36,760095.0,10933.0,Agree,Agree,2021-03-06T00:00:00,1614.0,16.0,450,2,115264,1430,NC,2021-03-06T00:00:00,875359,12363
ds:row-b2xk_khrq_xxwb,row-b2xk_khrq_xxwb,dsbase:_9mfq-cb36,dsbase:_9mfq-cb36,612.0,19.0,Agree,Agree,2020-06-16T14:10:11,3.0,0.0,0,0,0,0,MT,2020-06-15T00:00:00,612,19
ds:row-ba86.wkmm_q2d8,row-ba86.wkmm_q2d8,dsbase:_9mfq-cb36,dsbase:_9mfq-cb36,,,Agree,Agree,2020-03-26T16:22:39,0.0,0.0,,,,,CT,2020-02-14T00:00:00,0,0
ds:row-bacw_e2t7-5kdf,row-bacw_e2t7-5kdf,dsbase:_9mfq-cb36,dsbase:_9mfq-cb36,146114.0,4414.0,Agree,Agree,2020-12-16T14:28:57,1470.0,22.0,149,5,9348,1052,CT,2020-12-15T00:00:00,155462,5466
ds:row-bhnb-4dv2-87wr,row-bhnb-4dv2-87wr,dsbase:_9mfq-cb36,dsbase:_9mfq-cb36,,,Not agree,Not agree,2021-07-02T13:55:07,23.0,0.0,27,0,,,NH,2021-07-01T00:00:00,99527,1372
ds:row-bv4j-feq9.q9nv,row-bv4j-feq9.q9nv,dsbase:_9mfq-cb36,dsbase:_9mfq-cb36,478.0,16.0,Agree,Agree,2020-05-20T15:28:26,8.0,0.0,0,0,0,0,MT,2020-05-19T00:00:00,478,16
ds:row-bvmt-injn-w6aw,row-bvmt-injn-w6aw,dsbase:_9mfq-cb36,dsbase:_9mfq-cb36,76178.0,991.0,Agree,Agree,2021-02-03T00:00:00,214.0,11.0,48,2,3859,110,DE,2021-02-01T00:00:00,80037,1101
ds:row-c2gn.py4j-jnnd,row-c2gn.py4j-jnnd,dsbase:_9mfq-cb36,dsbase:_9mfq-cb36,,,Not agree,Not agree,2021-09-07T15:14:40,190.0,2.0,5,0,,,VT,2021-09-06T00:00:00,27317,271
ds:row-c43v.zhjx.czg6,row-c43v.zhjx.czg6,dsbase:_9mfq-cb36,dsbase:_9mfq-cb36,28245.0,,Agree,Not agree,2020-10-13T13:29:38,508.0,12.0,0,0,0,,ND,2020-10-12T00:00:00,28245,357
ds:row-c495-ar8p_rdn4,row-c495-ar8p_rdn4,dsbase:_9mfq-cb36,dsbase:_9mfq-cb36,,,Not agree,Not agree,2020-03-30T16:22:39,53.0,0.0,,,,,NH,2020-03-31T00:00:00,367,3
ds:row-c9sv.fs6e.qr9d,row-c9sv.fs6e.qr9d,dsbase:_9mfq-cb36,dsbase:_9mfq-cb36,50179.0,906.0,Agree,Agree,2020-07-29T14:34:46,783.0,13.0,21,0,3885,7,WI,2020-07-28T00:00:00,54064,913
ds:row-cb7i-kkat.y3nn,row-cb7i-kkat.y3nn,dsbase:_9mfq-cb36,dsbase:_9mfq-cb36,,,Agree,,2020-04-18T16:22:39,102.0,4.0,,,,,NV,2020-04-18T00:00:00,3626,155
ds:row-cfec_5fdi-r6yu,row-cfec_5fdi-r6yu,dsbase:_9mfq-cb36,dsbase:_9mfq-cb36,826002.0,16864.0,Agree,Agree,2020-09-28T00:00:00,2395.0,76.0,42,0,6028,0,CA,2020-09-28T00:00:00,832030,16864
ds:row-chww_rur4-eu5p,row-chww_rur4-eu5p,dsbase:_9mfq-cb36,dsbase:_9mfq-cb36,,13038.0,Not agree,Agree,2021-05-06T00:00:00,1247.0,10.0,0,0,,424,IN,2021-05-06T00:00:00,726600,13462
ds:row-cket.frsn_8b9h,row-cket.frsn_8b9h,dsbase:_9mfq-cb36,dsbase:_9mfq-cb36,1225.0,,Agree,Not agree,2020-05-05T17:25:08,34.0,0.0,0,0,0,,ND,2020-05-04T00:00:00,1225,25
ds:row-ckgx-tq7h_nxxx,row-ckgx-tq7h_nxxx,dsbase:_9mfq-cb36,dsbase:_9mfq-cb36,122329.0,,Agree,Not agree,2021-10-16T13:26:43,522.0,11.0,200,0,18939,,ND,2021-10-15T00:00:00,141268,1680
ds:row-cw9c-rsya-q4pn,row-cw9c-rsya-q4pn,dsbase:_9mfq-cb36,dsbase:_9mfq-cb36,,,Agree,Agree,2020-03-26T16:22:39,0.0,0.0,,,,,IL,2020-02-26T00:00:00,2,0
ds:row-cwyp.pd5p.htsa,row-cwyp.pd5p.htsa,dsbase:_9mfq-cb36,dsbase:_9mfq-cb36,,,Not agree,Not agree,2020-09-29T00:00:00,433.0,1.0,0,0,,,NE,2020-09-27T00:00:00,44137,470
ds:row-cxvd.p2ab_3yjm,row-cxvd.p2ab_3yjm,dsbase:_9mfq-cb36,dsbase:_9mfq-cb36,,,Not agree,Not agree,2021-01-02T00:00:00,1473.0,40.0,0,0,,,NE,2020-12-31T00:00:00,167233,1651
ds:row-d2pn.x8k6.7tti,row-d2pn.x8k6.7tti,dsbase:_9mfq-cb36,dsbase:_9mfq-cb36,,4556.0,Not agree,Agree,2020-11-01T00:00:00,2750.0,40.0,0,0,,250,IN,2020-11-01T00:00:00,182108,4806
ds:row-d75w_wzyb-qt5t,row-d75w_wzyb-qt5t,dsbase:_9mfq-cb36,dsbase:_9mfq-cb36,11562.0,756.0,Agree,Agree,2020-05-14T00:00:00,308.0,10.0,1,0,87,13,MS,2020-05-12T00:00:00,11649,769
ds:row-d7zc.ccyk.x847,row-d7zc.ccyk.x847,dsbase:_9mfq-cb36,dsbase:_9mfq-cb36,317892.0,6771.0,Agree,Agree,2021-05-28T13:29:21,157.0,3.0,35,2,29245,1459,CT,2021-05-27T00:00:00,347137,8230
ds:row-d8yj.2qgs.q2vm,row-d8yj.2qgs.q2vm,dsbase:_9mfq-cb36,dsbase:_9mfq-cb36,933394.0,20123.0,Agree,Agree,2021-08-24T14:24:26,1429.0,5.0,155,2,111564,1282,MI,2021-08-23T00:00:00,1044958,21405
ds:row-db5d.7hsu.wrbb,row-db5d.7hsu.wrbb,dsbase:_9mfq-cb36,dsbase:_9mfq-cb36,,14905.0,Not agree,Agree,2021-09-19T00:00:00,2660.0,39.0,0,1,,500,IN,2021-09-19T00:00:00,931924,15405
ds:row-dch3-sd4f_32my,row-dch3-sd4f_32my,dsbase:_9mfq-cb36,dsbase:_9mfq-cb36,1206.0,,Agree,Agree,2020-04-10T00:00:00,115.0,3.0,7,,15,,DE,2020-04-08T00:00:00,1221,19
ds:row-ddua.zwh7-tah8,row-ddua.zwh7-tah8,dsbase:_9mfq-cb36,dsbase:_9mfq-cb36,1887085.0,25071.0,Agree,Agree,2020-12-17T00:00:00,50611.0,382.0,2142,0,51026,0,CA,2020-12-17T00:00:00,1938111,25071
ds:row-derk_55t8_v4jz,row-derk_55t8_v4jz,dsbase:_9mfq-cb36,dsbase:_9mfq-cb36,,,N/A,N/A,2020-05-02T00:00:00,274.0,13.0,0,0,,,WA,2020-04-30T00:00:00,14408,814
ds:row-dkhy.8eii-6qfn,row-dkhy.8eii-6qfn,dsbase:_9mfq-cb36,dsbase:_9mfq-cb36,679.0,,Agree,Not agree,2020-04-22T16:22:39,35.0,1.0,0,0,0,,ND,2020-04-22T00:00:00,679,14
ds:row-ds93-mgvx_9mvw,row-ds93-mgvx_9mvw,dsbase:_9mfq-cb36,dsbase:_9mfq-cb36,,,Not agree,Not agree,2020-03-26T16:22:39,21.0,0.0,,,,,NH,2020-03-26T00:00:00,158,1
ds:row-dspy.izck-nh9e,row-dspy.izck-nh9e,dsbase:_9mfq-cb36,dsbase:_9mfq-cb36,,,Not agree,Not agree,2020-03-26T00:00:00,18.0,2.0,0,0,,,VT,2020-03-24T00:00:00,86,7
ds:row-dwzp_czrr-bmq8,row-dwzp_czrr-bmq8,dsbase:_9mfq-cb36,dsbase:_9mfq-cb36,103299.0,,Agree,Not agree,2021-08-16T15:23:49,53.0,0.0,-11,0,10031,,ND,2021-08-15T00:00:00,113330,1545
ds:row-dx9p_if5k.mk59,row-dx9p_if5k.mk59,dsbase:_9mfq-cb36,dsbase:_9mfq-cb36,930849.0,15799.0,Agree,Agree,2020-12-26T14:34:18,5742.0,194.0,0,38,0,1355,IL,2020-12-25T00:00:00,930849,17154
ds:row-dxr2.jk6n-h5sc,row-dxr2.jk6n-h5sc,dsbase:_9mfq-cb36,dsbase:_9mfq-cb36,,,Not agree,Not agree,2021-01-28T14:49:07,4.0,0.0,0,0,,,GU,2021-01-27T00:00:00,7572,129
ds:row-e6ex-vzwq-7gwx,row-e6ex-vzwq-7gwx,dsbase:_9mfq-cb36,dsbase:_9mfq-cb36,,,Not agree,Not agree,2021-02-04T14:53:58,4.0,0.0,0,0,,,GU,2021-02-03T00:00:00,7622,129
ds:row-e8gq.efjn-7zi5,row-e8gq.efjn-7zi5,dsbase:_9mfq-cb36,dsbase:_9mfq-cb36,,,Not agree,Not agree,2020-09-04T00:00:00,2.0,0.0,0,0,,,VT,2020-09-02T00:00:00,1488,57
ds:row-ekgr_wccz_4jfg,row-ekgr_wccz_4jfg,dsbase:_9mfq-cb36,dsbase:_9mfq-cb36,816783.0,16661.0,Agree,Agree,2020-09-25T00:00:00,3850.0,67.0,74,0,5855,0,CA,2020-09-25T00:00:00,822638,16661
ds:row-eneb-imhz_ki5j,row-eneb-imhz_ki5j,dsbase:_9mfq-cb36,dsbase:_9mfq-cb36,,3294.0,Not agree,Agree,2020-09-03T00:00:00,1104.0,7.0,0,1,,222,IN,2020-09-03T00:00:00,96854,3516
ds:row-etbc.etca_2wsy,row-etbc.etca_2wsy,dsbase:_9mfq-cb36,dsbase:_9mfq-cb36,612507.0,7280.0,Agree,Agree,2021-06-26T14:17:39,66.0,7.0,4,0,64745,819,WI,2021-06-25T00:00:00,677252,8099
ds:row-eu3e.7ram.e63z,row-eu3e.7ram.e63z,dsbase:_9mfq-cb36,dsbase:_9mfq-cb36,261080.0,2382.0,Agree,Agree,2021-09-22T14:04:47,881.0,3.0,0,0,0,0,NE,2021-09-21T00:00:00,261080,2382
ds:row-f659.38mx_vnar,row-f659.38mx_vnar,dsbase:_9mfq-cb36,dsbase:_9mfq-cb36,117969.0,1756.0,Agree,Agree,2021-09-20T13:47:59,450.0,0.0,36,0,10284,164,DE,2021-09-19T00:00:00,128253,1920
ds:row-f7nz.rgc9_i8j7,row-f7nz.rgc9_i8j7,dsbase:_9mfq-cb36,dsbase:_9mfq-cb36,98651.0,,Agree,Not agree,2021-04-22T13:56:30,167.0,0.0,59,0,7734,,ND,2021-04-21T00:00:00,106385,1484
ds:row-ffnu-a8wp.cqqh,row-ffnu-a8wp.cqqh,dsbase:_9mfq-cb36,dsbase:_9mfq-cb36,256139.0,6166.0,Agree,Agree,2021-02-22T14:53:38,0.0,0.0,0,0,16962,1357,CT,2021-02-21T00:00:00,273101,7523
ds:row-fgxc-kxg4-5zjh,row-fgxc-kxg4-5zjh,dsbase:_9mfq-cb36,dsbase:_9mfq-cb36,392334.0,8215.0,Agree,Agree,2021-02-20T00:00:00,899.0,29.0,261,9,113460,2088,AL,2021-02-18T00:00:00,505794,10303
ds:row-fgxr_ftgt_xkjs,row-fgxr_ftgt_xkjs,dsbase:_9mfq-cb36,dsbase:_9mfq-cb36,,,Agree,Agree,2020-03-28T16:22:39,49.0,1.0,,,,,ID,2020-03-29T00:00:00,310,6
ds:row-fh93.j5r6-vs7j,row-fh93.j5r6-vs7j,dsbase:_9mfq-cb36,dsbase:_9mfq-cb36,282328.0,6463.0,Agree,Agree,2021-03-28T13:52:27,0.0,0.0,0,0,22882,1402,CT,2021-03-27T00:00:00,305210,7865
ds:row-fhj3-6bvx.xerj,row-fhj3-6bvx.xerj,dsbase:_9mfq-cb36,dsbase:_9mfq-cb36,,,Not agree,Agree,2020-03-26T16:22:39,0.0,0.0,,,,,IN,2020-02-03T00:00:00,0,0
ds:row-fhkm_pei8-am2d,row-fhkm_pei8-am2d,dsbase:_9mfq-cb36,dsbase:_9mfq-cb36,,,Not agree,Not agree,2021-09-04T13:18:29,93.0,0.0,0,0,,,GU,2021-09-03T00:00:00,11199,151
ds:row-fi3k_yvh4-8ew5,row-fi3k_yvh4-8ew5,dsbase:_9mfq-cb36,dsbase:_9mfq-cb36,374651.0,,Agree,,2021-08-18T14:45:06,1002.0,33.0,0,0,0,,NV,2021-08-17T00:00:00,374651,6223
ds:row-fibk-jmc2.jkzz,row-fibk-jmc2.jkzz,dsbase:_9mfq-cb36,dsbase:_9mfq-cb36,,,N/A,N/A,2020-11-10T00:00:00,1450.0,0.0,38,0,,,WA,2020-11-08T00:00:00,120327,2439
ds:row-fidk_dvpv.8a8v,row-fidk_dvpv.8a8v,dsbase:_9mfq-cb36,dsbase:_9mfq-cb36,178837.0,7495.0,Agree,Agree,2020-08-01T14:38:12,1980.0,22.0,39,5,1281,197,IL,2020-07-31T00:00:00,180118,7692
ds:row-fmv4.5fh3-hk9u,row-fmv4.5fh3-hk9u,dsbase:_9mfq-cb36,dsbase:_9mfq-cb36,84834.0,2767.0,Agree,Agree,2020-09-11T00:00:00,566.0,16.0,140,2,6356,235,MS,2020-09-09T00:00:00,91190,3002
ds:row-fvsi.t5is_8cqj,row-fvsi.t5is_8cqj,dsbase:_9mfq-cb36,dsbase:_9mfq-cb36,,,Not agree,Not agree,2021-03-15T00:00:00,170.0,3.0,0,0,,,NE,2021-03-13T00:00:00,205615,2127
ds:row-fyz8.fb4y.zy6z,row-fyz8.fb4y.zy6z,dsbase:_9mfq-cb36,dsbase:_9mfq-cb36,,,Not agree,Not agree,2021-08-14T14:46:52,81.0,0.0,0,0,,,VT,2021-08-13T00:00:00,24361,256
ds:row-g2r4_u5jp.n62t,row-g2r4_u5jp.n62t,dsbase:_9mfq-cb36,dsbase:_9mfq-cb36,,,Agree,Agree,2020-03-26T16:22:39,100.0,0.0,,,,,WI,2020-03-22T00:00:00,381,4
ds:row-g8mu.khh4_9m62,row-g8mu.khh4_9m62,dsbase:_9mfq-cb36,dsbase:_9mfq-cb36,23761.0,608.0,Agree,Agree,2020-10-31T00:00:00,191.0,1.0,9,0,1140,81,DE,2020-10-29T00:00:00,24901,689
ds:row-gbnu.36yt.jwxf,row-gbnu.36yt.jwxf,dsbase:_9mfq-cb36,dsbase:_9mfq-cb36,734383.0,8029.0,Agree,Agree,2021-10-04T13:57:57,2184.0,10.0,182,0,84172,892,WI,2021-10-03T00:00:00,818555,8921
ds:row-gszc-4kvg_seft,row-gszc-4kvg_seft,dsbase:_9mfq-cb36,dsbase:_9mfq-cb36,82854.0,3807.0,Agree,Agree,2020-11-14T14:44:40,2746.0,11.0,108,2,5791,930,CT,2020-11-13T00:00:00,88645,4737
ds:row-h7d2-c3s2-5fy2,row-h7d2-c3s2-5fy2,dsbase:_9mfq-cb36,dsbase:_9mfq-cb36,,10120.0,N/A,Agree,2021-09-23T14:07:24,1405.0,16.0,0,0,,228,MD,2021-09-22T00:00:00,523760,10348
ds:row-h89f_e56k-xmsh,row-h89f_e56k-xmsh,dsbase:_9mfq-cb36,dsbase:_9mfq-cb36,,9569.0,N/A,Agree,2021-07-20T14:48:47,294.0,7.0,0,2,,219,MD,2021-07-19T00:00:00,464491,9788
ds:row-hdxd_rb2g.xiuc,row-hdxd_rb2g.xiuc,dsbase:_9mfq-cb36,dsbase:_9mfq-cb36,1507.0,41.0,Agree,Agree,2020-04-15T16:22:39,101.0,2.0,80,0,80,0,ID,2020-04-15T00:00:00,1587,41
ds:row-i7zk.wmib-j84v,row-i7zk.wmib-j84v,dsbase:_9mfq-cb36,dsbase:_9mfq-cb36,,,Agree,Agree,2020-03-26T16:22:39,0.0,0.0,,,,,IL,2020-02-09T00:00:00,2,0
ds:row-ibin.zbiy_ivmi,row-ibin.zbiy_ivmi,dsbase:_9mfq-cb36,dsbase:_9mfq-cb36,,,,,2021-07-07T14:48:49,10.0,2.0,0,0,,,VI,2021-07-06T00:00:00,3942,32
ds:row-idix-dmt5.z3wm,row-idix-dmt5.z3wm,dsbase:_9mfq-cb36,dsbase:_9mfq-cb36,,,Not agree,Not agree,2020-09-18T00:00:00,422.0,3.0,0,0,,,NE,2020-09-16T00:00:00,39466,439
ds:row-ihzk_xyu5.yen6,row-ihzk_xyu5.yen6,dsbase:_9mfq-cb36,dsbase:_9mfq-cb36,102781.0,1551.0,Agree,Agree,2021-07-22T15:06:50,45.0,0.0,0,0,7721,146,DE,2021-07-21T00:00:00,110502,1697
ds:row-ipnr.duja-hmi2,row-ipnr.duja-hmi2,dsbase:_9mfq-cb36,dsbase:_9mfq-cb36,106791.0,5954.0,Agree,Agree,2020-06-25T00:00:00,1400.0,5.0,188,0,10622,306,MI,2020-06-24T00:00:00,117413,6260
ds:row-iprz-hm3b_44mz,row-iprz-hm3b_44mz,dsbase:_9mfq-cb36,dsbase:_9mfq-cb36,258993.0,2375.0,Agree,Agree,2021-09-20T12:14:02,603.0,2.0,0,0,0,0,NE,2021-09-18T00:00:00,258993,2375
ds:row-j3x6-4a7d-etk3,row-j3x6-4a7d-etk3,dsbase:_9mfq-cb36,dsbase:_9mfq-cb36,,,Not agree,Not agree,2021-03-08T14:47:36,2.0,0.0,0,0,,,GU,2021-03-07T00:00:00,7751,133
ds:row-j4nb_t4u5-kgg9,row-j4nb_t4u5-kgg9,dsbase:_9mfq-cb36,dsbase:_9mfq-cb36,,,Agree,Agree,2020-03-26T16:22:39,0.0,0.0,,,,,ID,2020-03-09T00:00:00,0,0
ds:row-je9k_vdiv-5qq4,row-je9k_vdiv-5qq4,dsbase:_9mfq-cb36,dsbase:_9mfq-cb36,53293.0,860.0,Agree,Agree,2021-08-20T13:21:34,192.0,0.0,62,0,20168,61,ME,2021-08-19T00:00:00,73461,921
ds:row-jgd7.asg4-2xs5,row-jgd7.asg4-2xs5,dsbase:_9mfq-cb36,dsbase:_9mfq-cb36,,,Agree,Agree,2020-03-26T16:22:39,0.0,0.0,,,,,CT,2020-02-24T00:00:00,0,0
ds:row-jjt5.xm9j.dyd9,row-jjt5.xm9j.dyd9,dsbase:_9mfq-cb36,dsbase:_9mfq-cb36,,,Not agree,Not agree,2021-10-04T13:57:57,430.0,1.0,0,0,,,NH,2021-10-03T00:00:00,121623,1483
ds:row-jmj5.bzqy-gk6a,row-jmj5.bzqy-gk6a,dsbase:_9mfq-cb36,dsbase:_9mfq-cb36,431921.0,9214.0,Agree,Agree,2021-07-19T00:00:00,915.0,3.0,290,0,131170,2356,AL,2021-07-17T00:00:00,563091,11570
ds:row-jun9.vsi2.43v7,row-jun9.vsi2.43v7,dsbase:_9mfq-cb36,dsbase:_9mfq-cb36,641553.0,7499.0,Agree,Agree,2021-08-19T15:10:12,1685.0,17.0,380,1,69422,854,WI,2021-08-18T00:00:00,710975,8353
ds:row-jv8r_vfqe.he83,row-jv8r_vfqe.he83,dsbase:_9mfq-cb36,dsbase:_9mfq-cb36,,,Not agree,Not agree,2020-04-13T16:22:39,71.0,4.0,,,,,NH,2020-04-14T00:00:00,1091,27
ds:row-jwax.jut4_bwmq,row-jwax.jut4_bwmq,dsbase:_9mfq-cb36,dsbase:_9mfq-cb36,14443.0,,Agree,Not agree,2020-09-10T14:02:53,333.0,3.0,0,0,0,,ND,2020-09-09T00:00:00,14443,160
ds:row-jx57-9jk5-wkib,row-jx57-9jk5-wkib,dsbase:_9mfq-cb36,dsbase:_9mfq-cb36,,,Not agree,Not agree,2020-11-01T00:00:00,19.0,0.0,2,0,,,VT,2020-10-30T00:00:00,2000,57
ds:row-jxdf_3d3g_iq55,row-jxdf_3d3g_iq55,dsbase:_9mfq-cb36,dsbase:_9mfq-cb36,102751.0,2376.0,Agree,Agree,2020-08-10T00:00:00,771.0,43.0,147,11,9465,271,AL,2020-08-08T00:00:00,112216,2647
ds:row-k2ux.6qh8-j6st,row-k2ux.6qh8-j6st,dsbase:_9mfq-cb36,dsbase:_9mfq-cb36,,,Not agree,Not agree,2021-10-12T14:00:10,213.0,1.0,0,0,,,NH,2021-10-11T00:00:00,124845,1498
ds:row-k5bu-utjy.uwx8,row-k5bu-utjy.uwx8,dsbase:_9mfq-cb36,dsbase:_9mfq-cb36,197442.0,5172.0,Agree,Agree,2021-07-06T00:00:00,109.0,6.0,45,1,125444,2332,MS,2021-07-04T00:00:00,322886,7504
ds:row-k6gi.zxkk_te65,row-k6gi.zxkk_te65,dsbase:_9mfq-cb36,dsbase:_9mfq-cb36,110828.0,1274.0,Agree,Agree,2020-09-26T13:46:07,2629.0,9.0,125,0,6501,10,WI,2020-09-25T00:00:00,117329,1284
ds:row-k7mb_shwf-jc96,row-k7mb_shwf-jc96,dsbase:_9mfq-cb36,dsbase:_9mfq-cb36,,,N/A,N/A,2021-08-24T14:24:26,2789.0,9.0,499,0,,,WA,2021-08-23T00:00:00,536814,6383
ds:row-k8gt-jc87.45ap,row-k8gt-jc87.45ap,dsbase:_9mfq-cb36,dsbase:_9mfq-cb36,,,Agree,Agree,2020-03-26T16:22:39,0.0,0.0,,,,,CT,2020-03-04T00:00:00,0,0
ds:row-ka59.uiss-jfqb,row-ka59.uiss-jfqb,dsbase:_9mfq-cb36,dsbase:_9mfq-cb36,,8317.0,N/A,Agree,2021-03-12T00:00:00,924.0,19.0,0,0,,202,MD,2021-03-10T00:00:00,390490,8519
ds:row-khu3_qnbp.s9ia,row-khu3_qnbp.s9ia,dsbase:_9mfq-cb36,dsbase:_9mfq-cb36,101852.0,1536.0,Agree,Agree,2021-06-17T14:38:09,-3.0,0.0,-9,0,7566,143,DE,2021-06-16T00:00:00,109418,1679
ds:row-kt64_ydck_hbkp,row-kt64_ydck_hbkp,dsbase:_9mfq-cb36,dsbase:_9mfq-cb36,,,Not agree,Not agree,2021-08-09T14:44:15,20.0,0.0,2,0,,,GU,2021-08-08T00:00:00,8725,143
ds:row-m3kw-m5c7.jsc2,row-m3kw-m5c7.jsc2,dsbase:_9mfq-cb36,dsbase:_9mfq-cb36,,8500.0,N/A,Agree,2021-03-24T00:00:00,722.0,15.0,0,0,,205,MD,2021-03-22T00:00:00,401427,8705
ds:row-m4kr-w5d9.rgei,row-m4kr-w5d9.rgei,dsbase:_9mfq-cb36,dsbase:_9mfq-cb36,,,N/A,N/A,2021-02-03T00:00:00,859.0,33.0,71,0,,,WA,2021-02-01T00:00:00,313551,4318
ds:row-m6rk-dnqv-hbzc,row-m6rk-dnqv-hbzc,dsbase:_9mfq-cb36,dsbase:_9mfq-cb36,,9216.0,N/A,Agree,2021-05-12T00:00:00,399.0,7.0,0,0,,212,MD,2021-05-10T00:00:00,453800,9428
ds:row-m747-rn6f-zuq2,row-m747-rn6f-zuq2,dsbase:_9mfq-cb36,dsbase:_9mfq-cb36,102470.0,,Agree,Not agree,2021-08-06T14:53:58,119.0,1.0,39,0,9699,,ND,2021-08-05T00:00:00,112169,1542
ds:row-m8vt_5xwt-52ik,row-m8vt_5xwt-52ik,dsbase:_9mfq-cb36,dsbase:_9mfq-cb36,,,,,2021-05-14T14:07:22,5.0,0.0,0,0,,,VI,2021-05-13T00:00:00,3261,27
ds:row-m92q-rdxz-pfcx,row-m92q-rdxz-pfcx,dsbase:_9mfq-cb36,dsbase:_9mfq-cb36,304112.0,,Agree,,2021-04-02T13:56:15,350.0,7.0,0,0,0,,NV,2021-04-01T00:00:00,304112,5256
ds:row-m9km_hjr7-qx5m,row-m9km_hjr7-qx5m,dsbase:_9mfq-cb36,dsbase:_9mfq-cb36,,,Not agree,Not agree,2020-08-28T00:00:00,375.0,0.0,0,0,,,NE,2020-08-26T00:00:00,32788,383
ds:row-mdwk_umpp_4fwy,row-mdwk_umpp_4fwy,dsbase:_9mfq-cb36,dsbase:_9mfq-cb36,,9772.0,N/A,Agree,2021-08-30T14:26:22,530.0,6.0,0,0,,223,MD,2021-08-29T00:00:00,494982,9995
ds:row-miw3.ntk2-dcmq,row-miw3.ntk2-dcmq,dsbase:_9mfq-cb36,dsbase:_9mfq-cb36,7972.0,301.0,Agree,Agree,2020-05-24T00:00:00,111.0,2.0,7,0,847,23,DE,2020-05-22T00:00:00,8819,324
ds:row-mtvk.7uii-x4xj,row-mtvk.7uii-x4xj,dsbase:_9mfq-cb36,dsbase:_9mfq-cb36,31955.0,2294.0,Agree,Agree,2020-05-12T17:26:08,211.0,41.0,-30,-10,1810,714,CT,2020-05-11T00:00:00,33765,3008
ds:row-mv46_ceaf.8ycv,row-mv46_ceaf.8ycv,dsbase:_9mfq-cb36,dsbase:_9mfq-cb36,,,Agree,Agree,2020-03-31T16:22:39,144.0,0.0,,,,,ID,2020-04-01T00:00:00,669,9
ds:row-mxcy_ketc-vs7e,row-mxcy_ketc-vs7e,dsbase:_9mfq-cb36,dsbase:_9mfq-cb36,130798.0,1372.0,Agree,Agree,2020-10-04T13:35:23,3054.0,20.0,162,1,7204,11,WI,2020-10-03T00:00:00,138002,1383
ds:row-n5uu_atx7.ve25,row-n5uu_atx7.ve25,dsbase:_9mfq-cb36,dsbase:_9mfq-cb36,,,,,2021-03-22T13:57:09,6.0,0.0,0,0,,,VI,2021-03-21T00:00:00,2858,25
ds:row-nfyj_q5ye.praj,row-nfyj_q5ye.praj,dsbase:_9mfq-cb36,dsbase:_9mfq-cb36,964391.0,12450.0,Agree,Agree,2021-08-17T00:00:00,7939.0,41.0,1390,11,175841,1695,NC,2021-08-17T00:00:00,1140232,14145
ds:row-nj89-w5jb_c5jz,row-nj89-w5jb_c5jz,dsbase:_9mfq-cb36,dsbase:_9mfq-cb36,2203.0,73.0,Agree,Agree,2020-05-18T16:01:54,0.0,0.0,0,-20,216,0,ID,2020-05-17T00:00:00,2419,73
ds:row-nxjz.tsbn.m5bc,row-nxjz.tsbn.m5bc,dsbase:_9mfq-cb36,dsbase:_9mfq-cb36,67220.0,,Agree,,2020-08-28T13:43:49,553.0,21.0,-1,0,271,,NV,2020-08-27T00:00:00,67491,1300
ds:row-nysj.n8v2_bme8,row-nysj.n8v2_bme8,dsbase:_9mfq-cb36,dsbase:_9mfq-cb36,607593.0,11727.0,Agree,Agree,2021-10-18T13:49:53,338.0,0.0,87,0,206770,3452,AL,2021-10-17T00:00:00,814363,15179
ds:row-p3ji_uyxf_4g86,row-p3ji_uyxf_4g86,dsbase:_9mfq-cb36,dsbase:_9mfq-cb36,,,Not agree,Not agree,2021-07-10T14:17:36,1639.0,4.0,472,0,,,MO,2021-07-09T00:00:00,631603,9387
ds:row-p4cu.3n78.4pwn,row-p4cu.3n78.4pwn,dsbase:_9mfq-cb36,dsbase:_9mfq-cb36,35032.0,1463.0,Agree,Agree,2020-07-06T00:00:00,436.0,21.0,23,2,529,33,MS,2020-07-04T00:00:00,35561,1496
ds:row-p8fk.7pea-dad9,row-p8fk.7pea-dad9,dsbase:_9mfq-cb36,dsbase:_9mfq-cb36,,10628.0,Not agree,Agree,2021-01-14T00:00:00,4387.0,78.0,0,3,,370,IN,2021-01-14T00:00:00,578875,10998
ds:row-pfiw_eu9k.r7fw,row-pfiw_eu9k.r7fw,dsbase:_9mfq-cb36,dsbase:_9mfq-cb36,96726.0,,Agree,Not agree,2021-04-01T14:13:30,208.0,0.0,49,0,6573,,ND,2021-03-31T00:00:00,103299,1466
ds:row-pjet.wp7b-7tu8,row-pjet.wp7b-7tu8,dsbase:_9mfq-cb36,dsbase:_9mfq-cb36,,,Not agree,Not agree,2021-01-06T00:00:00,1061.0,10.0,0,0,,,NE,2021-01-04T00:00:00,170287,1682
ds:row-pkyd-khqz_hpcg,row-pkyd-khqz_hpcg,dsbase:_9mfq-cb36,dsbase:_9mfq-cb36,275735.0,8457.0,Agree,Agree,2020-09-22T13:51:57,1477.0,7.0,0,0,2198,236,IL,2020-09-21T00:00:00,277933,8693
ds:row-pstm-4nth_45ut,row-pstm-4nth_45ut,dsbase:_9mfq-cb36,dsbase:_9mfq-cb36,17635.0,537.0,Agree,Agree,2020-09-11T00:00:00,103.0,0.0,0,0,972,72,DE,2020-09-09T00:00:00,18607,609
ds:row-pwu7-cbv8-vf2a,row-pwu7-cbv8-vf2a,dsbase:_9mfq-cb36,dsbase:_9mfq-cb36,588705.0,8160.0,Agree,Agree,2021-01-11T00:00:00,3934.0,91.0,794,18,71884,796,NC,2021-01-11T00:00:00,660589,8956
ds:row-pzbe-juia_paes,row-pzbe-juia_paes,dsbase:_9mfq-cb36,dsbase:_9mfq-cb36,,,Agree,Agree,2020-03-26T16:22:39,0.0,0.0,,,,,MI,2020-01-27T00:00:00,0,0
ds:row-q2d9.tte5-zjkq,row-q2d9.tte5-zjkq,dsbase:_9mfq-cb36,dsbase:_9mfq-cb36,,,Not agree,Not agree,2021-05-23T13:37:59,293.0,0.0,83,0,,,MO,2021-05-22T00:00:00,596262,9006
ds:row-q6s2.9ccf.7au4,row-q6s2.9ccf.7au4,dsbase:_9mfq-cb36,dsbase:_9mfq-cb36,,2723.0,N/A,Agree,2020-06-07T00:00:00,712.0,34.0,0,3,,124,MD,2020-06-05T00:00:00,57482,2847
ds:row-q778-tnxx_ezne,row-q778-tnxx_ezne,dsbase:_9mfq-cb36,dsbase:_9mfq-cb36,,,Not agree,Not agree,2021-03-17T14:24:24,3.0,0.0,0,0,,,GU,2021-03-16T00:00:00,7776,134
ds:row-q95b-x9bp_45zc,row-q95b-x9bp_45zc,dsbase:_9mfq-cb36,dsbase:_9mfq-cb36,,,,,2020-06-01T14:17:42,0.0,0.0,0,0,,,VI,2020-05-31T00:00:00,69,6
ds:row-qauy_duhg.jr48,row-qauy_duhg.jr48,dsbase:_9mfq-cb36,dsbase:_9mfq-cb36,136.0,,Agree,Agree,2020-03-26T00:00:00,31.0,0.0,0,,0,,DE,2020-03-24T00:00:00,136,0
ds:row-qitr_7ff6.nhxh,row-qitr_7ff6.nhxh,dsbase:_9mfq-cb36,dsbase:_9mfq-cb36,,,Agree,Agree,2020-03-26T16:22:39,0.0,0.0,,,,,MI,2020-02-03T00:00:00,0,0
ds:row-qp2d.5rz8_99vi,row-qp2d.5rz8_99vi,dsbase:_9mfq-cb36,dsbase:_9mfq-cb36,,,N/A,N/A,2020-12-04T00:00:00,3065.0,45.0,218,0,,,WA,2020-12-02T00:00:00,175116,2850
ds:row-qp2f-hy94.cx4k,row-qp2f-hy94.cx4k,dsbase:_9mfq-cb36,dsbase:_9mfq-cb36,283885.0,8563.0,Agree,Agree,2020-09-26T13:46:07,2805.0,33.0,291,8,2489,244,IL,2020-09-25T00:00:00,286374,8807
ds:row-qp72-eizu-y999,row-qp72-eizu-y999,dsbase:_9mfq-cb36,dsbase:_9mfq-cb36,666.0,20.0,Agree,Agree,2020-06-19T15:01:11,36.0,0.0,0,0,0,0,MT,2020-06-18T00:00:00,666,20
ds:row-qrv9_hysq-x8w4,row-qrv9_hysq-x8w4,dsbase:_9mfq-cb36,dsbase:_9mfq-cb36,263448.0,6280.0,Agree,Agree,2021-03-02T14:54:47,2680.0,29.0,284,3,19178,1371,CT,2021-03-01T00:00:00,282626,7651
ds:row-qyxj_xkt3-bzb2,row-qyxj_xkt3-bzb2,dsbase:_9mfq-cb36,dsbase:_9mfq-cb36,,,Agree,Not agree,2020-03-26T16:22:39,0,0,,,,,CA,2020-01-22T00:00:00,0,0
ds:row-qzh9.5dst-9yz5,row-qzh9.5dst-9yz5,dsbase:_9mfq-cb36,dsbase:_9mfq-cb36,80715.0,1539.0,Agree,Agree,2020-07-06T00:00:00,763.0,19.0,4,0,167,0,NC,2020-07-06T00:00:00,80882,1539
ds:row-qzkr.2brp_iyk9,row-qzkr.2brp_iyk9,dsbase:_9mfq-cb36,dsbase:_9mfq-cb36,,13588.0,Not agree,Agree,2021-07-26T00:00:00,635.0,5.0,0,0,,442,IN,2021-07-26T00:00:00,766351,14030
ds:row-r4rq-utfy_kvqw,row-r4rq-utfy_kvqw,dsbase:_9mfq-cb36,dsbase:_9mfq-cb36,,,N/A,N/A,2020-03-04T00:00:00,0.0,5.0,0,,,,WA,2020-03-02T00:00:00,1,6
ds:row-rhds_43ur-a78f,row-rhds_43ur-a78f,dsbase:_9mfq-cb36,dsbase:_9mfq-cb36,,,Not agree,Not agree,2021-06-15T00:00:00,6.0,0.0,0,0,,,VT,2021-06-13T00:00:00,22756,249
ds:row-rjkk-75q2_pcku,row-rjkk-75q2_pcku,dsbase:_9mfq-cb36,dsbase:_9mfq-cb36,,,Not agree,Not agree,2020-08-06T00:00:00,198.0,0.0,0,0,,,NE,2020-08-04T00:00:00,27154,332
ds:row-rk3w-k2ak.m9qz,row-rk3w-k2ak.m9qz,dsbase:_9mfq-cb36,dsbase:_9mfq-cb36,144526.0,1706.0,Agree,Agree,2021-03-30T14:06:13,335.0,3.0,93,2,35237,251,ID,2021-03-29T00:00:00,179763,1957
ds:row-rkj8-cgxy.3hp4,row-rkj8-cgxy.3hp4,dsbase:_9mfq-cb36,dsbase:_9mfq-cb36,71870.0,805.0,Agree,Agree,2020-12-12T14:59:37,978.0,24.0,0,0,0,0,MT,2020-12-11T00:00:00,71870,805
ds:row-rmte-7c3r.gs3q,row-rmte-7c3r.gs3q,dsbase:_9mfq-cb36,dsbase:_9mfq-cb36,777869.0,11136.0,Agree,Agree,2021-03-22T00:00:00,976.0,9.0,263,1,121815,1460,NC,2021-03-22T00:00:00,899684,12596
ds:row-rwvs-3vs2-gn8x,row-rwvs-3vs2-gn8x,dsbase:_9mfq-cb36,dsbase:_9mfq-cb36,611168.0,7178.0,Agree,Agree,2021-06-09T14:26:44,202.0,16.0,34,-1,64482,803,WI,2021-06-08T00:00:00,675650,7981
ds:row-s63q_ze2w-6y9h,row-s63q_ze2w-6y9h,dsbase:_9mfq-cb36,dsbase:_9mfq-cb36,26091.0,245.0,Agree,Agree,2020-08-18T14:26:55,282.0,4.0,32,0,1851,28,ID,2020-08-17T00:00:00,27942,273
ds:row-sd8n_uwzq_rdww,row-sd8n_uwzq_rdww,dsbase:_9mfq-cb36,dsbase:_9mfq-cb36,392879.0,8247.0,Agree,Agree,2021-02-21T00:00:00,794.0,35.0,249,3,113709,2091,AL,2021-02-19T00:00:00,506588,10338
ds:row-sj6y_cgaa.d8us,row-sj6y_cgaa.d8us,dsbase:_9mfq-cb36,dsbase:_9mfq-cb36,,,Not agree,Not agree,2020-10-11T13:47:22,0.0,0.0,0,0,,,GU,2020-10-10T00:00:00,2989,58
ds:row-st8g.swip-ryuw,row-st8g.swip-ryuw,dsbase:_9mfq-cb36,dsbase:_9mfq-cb36,1388939.0,23133.0,Agree,Agree,2021-06-19T00:00:00,251.0,0.0,0,0,0,2433,IL,2021-06-19T00:00:00,1388939,25566
ds:row-szeg_x2ru-rvgp,row-szeg_x2ru-rvgp,dsbase:_9mfq-cb36,dsbase:_9mfq-cb36,,,Not agree,Not agree,2020-03-31T16:22:39,6.0,1.0,,,,,GU,2020-04-01T00:00:00,77,3
ds:row-t2j6_pdf4.hrty,row-t2j6_pdf4.hrty,dsbase:_9mfq-cb36,dsbase:_9mfq-cb36,3685906.0,63278.0,Agree,Agree,2021-05-28T00:00:00,1041.0,17.0,82,0,151189,0,CA,2021-05-28T00:00:00,3837095,63278
ds:row-t65z-egjf-4z3q,row-t65z-egjf-4z3q,dsbase:_9mfq-cb36,dsbase:_9mfq-cb36,53218.0,3597.0,Agree,Agree,2020-09-20T13:53:10,0.0,0.0,0,0,2309,895,CT,2020-09-19T00:00:00,55527,4492
ds:row-t67w_g5ab-sz33,row-t67w_g5ab-sz33,dsbase:_9mfq-cb36,dsbase:_9mfq-cb36,254980.0,6145.0,Agree,Agree,2021-02-19T15:33:51,547.0,20.0,87,4,16923,1351,CT,2021-02-18T00:00:00,271903,7496
ds:row-tcpq-rvsq-c5n9,row-tcpq-rvsq-c5n9,dsbase:_9mfq-cb36,dsbase:_9mfq-cb36,231495.0,6947.0,Agree,Agree,2020-10-11T00:00:00,1325.0,19.0,100,2,24123,335,MI,2020-10-10T00:00:00,255618,7282
ds:row-tfy5-kked.p4rq,row-tfy5-kked.p4rq,dsbase:_9mfq-cb36,dsbase:_9mfq-cb36,186810.0,3317.0,Agree,Agree,2020-09-13T00:00:00,695.0,21.0,33,1,4086,24,NC,2020-09-13T00:00:00,190896,3341
ds:row-tp24_6d34_wz2b,row-tp24_6d34_wz2b,dsbase:_9mfq-cb36,dsbase:_9mfq-cb36,415748.0,8884.0,Agree,Agree,2021-05-02T00:00:00,366.0,5.0,111,1,123415,2269,AL,2021-04-30T00:00:00,539163,11153
ds:row-tsfq-fdc5_4xwd,row-tsfq-fdc5_4xwd,dsbase:_9mfq-cb36,dsbase:_9mfq-cb36,3012.0,107.0,Agree,Agree,2020-07-05T15:00:14,0.0,0.0,0,-1,385,0,ME,2020-07-04T00:00:00,3397,107
ds:row-tsqf-k5xe_fv9g,row-tsqf-k5xe_fv9g,dsbase:_9mfq-cb36,dsbase:_9mfq-cb36,24427.0,910.0,Agree,Agree,2020-06-09T00:00:00,365.0,18.0,7,2,415,66,AL,2020-06-07T00:00:00,24842,976
ds:row-ttax_tadc_ss5s,row-ttax_tadc_ss5s,dsbase:_9mfq-cb36,dsbase:_9mfq-cb36,,,N/A,N/A,2020-02-28T00:00:00,0.0,0.0,0,,,,WA,2020-02-26T00:00:00,1,0
ds:row-tthf_uz9i-336j,row-tthf_uz9i-336j,dsbase:_9mfq-cb36,dsbase:_9mfq-cb36,94623.0,,Agree,Not agree,2021-03-01T15:21:38,43.0,0.0,10,0,5229,,ND,2021-02-28T00:00:00,99852,1445
ds:row-tzdg-d7j2.9zfn,row-tzdg-d7j2.9zfn,dsbase:_9mfq-cb36,dsbase:_9mfq-cb36,604627.0,8327.0,Agree,Agree,2021-01-13T00:00:00,8529.0,105.0,1411,24,75366,846,NC,2021-01-13T00:00:00,679993,9173
ds:row-u26u.2r28.2vtc,row-u26u.2r28.2vtc,dsbase:_9mfq-cb36,dsbase:_9mfq-cb36,579621.0,14269.0,Agree,Agree,2021-01-19T00:00:00,2211.0,45.0,322,2,53399,886,MI,2021-01-18T00:00:00,633020,15155
ds:row-u4vu_jxrw.wyjt,row-u4vu_jxrw.wyjt,dsbase:_9mfq-cb36,dsbase:_9mfq-cb36,165770.0,6333.0,Agree,Agree,2020-08-13T00:00:00,1529.0,10.0,155,0,16805,318,MI,2020-08-12T00:00:00,182575,6651
ds:row-ua99_sbk8-wrwf,row-ua99_sbk8-wrwf,dsbase:_9mfq-cb36,dsbase:_9mfq-cb36,2947.0,65.0,Agree,Agree,2020-06-11T14:48:51,40.0,0.0,7,0,313,20,ID,2020-06-10T00:00:00,3260,85
ds:row-ubw5_dy79-39up,row-ubw5_dy79-39up,dsbase:_9mfq-cb36,dsbase:_9mfq-cb36,36919.0,1509.0,Agree,Agree,2020-07-08T00:00:00,1455.0,29.0,64,1,620,35,MS,2020-07-06T00:00:00,37539,1544
ds:row-udx7.tf7z-fa7i,row-udx7.tf7z-fa7i,dsbase:_9mfq-cb36,dsbase:_9mfq-cb36,187412.0,3339.0,Agree,Agree,2020-09-14T00:00:00,643.0,24.0,41,2,4127,26,NC,2020-09-14T00:00:00,191539,3365
ds:row-uihq-tpwv.dvk2,row-uihq-tpwv.dvk2,dsbase:_9mfq-cb36,dsbase:_9mfq-cb36,318780.0,,Agree,,2021-05-11T13:53:24,268.0,8.0,0,0,0,,NV,2021-05-10T00:00:00,318780,5506
ds:row-umr6-cxsk.zxi6,row-umr6-cxsk.zxi6,dsbase:_9mfq-cb36,dsbase:_9mfq-cb36,,,N/A,N/A,2020-12-08T00:00:00,1742.0,0.0,66,0,,,WA,2020-12-06T00:00:00,183182,2925
ds:row-up4x-hxgv_mp2w,row-up4x-hxgv_mp2w,dsbase:_9mfq-cb36,dsbase:_9mfq-cb36,117636.0,1281.0,Agree,Agree,2021-01-03T14:53:25,1122.0,12.0,203,0,24563,167,ID,2021-01-02T00:00:00,142199,1448
ds:row-uxbr-4vum_9wuj,row-uxbr-4vum_9wuj,dsbase:_9mfq-cb36,dsbase:_9mfq-cb36,144723.0,1706.0,Agree,Agree,2021-03-31T14:08:03,313.0,0.0,116,0,35353,251,ID,2021-03-30T00:00:00,180076,1957
ds:row-uycd.z7t2-swtw,row-uycd.z7t2-swtw,dsbase:_9mfq-cb36,dsbase:_9mfq-cb36,,3653.0,Not agree,Agree,2020-09-30T00:00:00,953.0,14.0,0,1,,231,IN,2020-09-30T00:00:00,120019,3884
ds:row-v2u7.b5iq_nb57,row-v2u7.b5iq_nb57,dsbase:_9mfq-cb36,dsbase:_9mfq-cb36,,,Agree,,2020-03-26T16:22:39,0.0,0.0,,,,,NV,2020-02-07T00:00:00,0,0
ds:row-v39s-fy3v.c22j,row-v39s-fy3v.c22j,dsbase:_9mfq-cb36,dsbase:_9mfq-cb36,697489.0,11963.0,Agree,Agree,2020-11-27T15:07:59,12022.0,156.0,0,25,0,633,IL,2020-11-26T00:00:00,697489,12596
ds:row-v4wh-cwwp.pft9,row-v4wh-cwwp.pft9,dsbase:_9mfq-cb36,dsbase:_9mfq-cb36,,10432.0,N/A,Agree,2021-10-14T14:14:59,1123.0,20.0,0,1,,232,MD,2021-10-13T00:00:00,547675,10664
ds:row-vayg.dpf9_qtiz,row-vayg.dpf9_qtiz,dsbase:_9mfq-cb36,dsbase:_9mfq-cb36,89739.0,927.0,Agree,Agree,2020-12-04T15:00:59,1721.0,23.0,407,1,16716,87,ID,2020-12-03T00:00:00,106455,1014
ds:row-vefz_v9yk_hwir,row-vefz_v9yk_hwir,dsbase:_9mfq-cb36,dsbase:_9mfq-cb36,297646.0,8743.0,Agree,Agree,2020-10-03T13:39:53,2456.0,52.0,250,5,2739,249,IL,2020-10-02T00:00:00,300385,8992
ds:row-vgtr.7dwc_avj7,row-vgtr.7dwc_avj7,dsbase:_9mfq-cb36,dsbase:_9mfq-cb36,466316.0,6726.0,Agree,Agree,2020-12-22T00:00:00,9355.0,75.0,1676,9,44575,451,NC,2020-12-22T00:00:00,510891,7177
ds:row-vrah_a77k-n34c,row-vrah_a77k-n34c,dsbase:_9mfq-cb36,dsbase:_9mfq-cb36,,,N/A,N/A,2020-07-18T00:00:00,1262.0,6.0,1,0,,,WA,2020-07-16T00:00:00,44292,1427
ds:row-vsvc-jge4.e6sj,row-vsvc-jge4.e6sj,dsbase:_9mfq-cb36,dsbase:_9mfq-cb36,,14759.0,Not agree,Agree,2021-09-15T00:00:00,4702.0,50.0,0,2,,494,IN,2021-09-15T00:00:00,918230,15253
ds:row-vu5j_bz7f.kbei,row-vu5j_bz7f.kbei,dsbase:_9mfq-cb36,dsbase:_9mfq-cb36,2861.0,104.0,Agree,Agree,2020-06-29T14:37:31,30.0,1.0,7,0,360,1,ME,2020-06-28T00:00:00,3221,105
ds:row-vx23-gewm.d233,row-vx23-gewm.d233,dsbase:_9mfq-cb36,dsbase:_9mfq-cb36,,,Not agree,Not agree,2021-10-19T15:01:15,163.0,3.0,193,0,,,GU,2021-10-18T00:00:00,17154,226
ds:row-vzuj_tjtc-sdby,row-vzuj_tjtc-sdby,dsbase:_9mfq-cb36,dsbase:_9mfq-cb36,,3823.0,N/A,Agree,2020-09-17T00:00:00,643.0,9.0,0,0,,154,MD,2020-09-15T00:00:00,117888,3977
ds:row-w6ru-5jit-6knx,row-w6ru-5jit-6knx,dsbase:_9mfq-cb36,dsbase:_9mfq-cb36,1006599.0,18859.0,Agree,Agree,2020-11-08T00:00:00,8790.0,55.0,281,0,11743,0,CA,2020-11-08T00:00:00,1018342,18859
ds:row-w9rk-rbz5_ncau,row-w9rk-rbz5_ncau,dsbase:_9mfq-cb36,dsbase:_9mfq-cb36,7.0,0.0,Agree,Agree,2020-01-31T00:00:00,0.0,0.0,0,0,1,0,AL,2020-01-29T00:00:00,8,0
ds:row-wc3q-xyd8.2wbg,row-wc3q-xyd8.2wbg,dsbase:_9mfq-cb36,dsbase:_9mfq-cb36,483007.0,4869.0,Agree,Agree,2021-01-02T14:50:51,2085.0,12.0,180,2,39516,385,WI,2021-01-01T00:00:00,522523,5254
ds:row-wcec_crqn.x8cx,row-wcec_crqn.x8cx,dsbase:_9mfq-cb36,dsbase:_9mfq-cb36,,,Not agree,Not agree,2021-02-08T14:53:12,318.0,6.0,91,2,,,NH,2021-02-07T00:00:00,68379,1104
ds:row-wky5.euet-59j5,row-wky5.euet-59j5,dsbase:_9mfq-cb36,dsbase:_9mfq-cb36,27815.0,278.0,Agree,Agree,2020-08-24T13:54:34,191.0,1.0,13,0,2038,29,ID,2020-08-23T00:00:00,29853,307
ds:row-wmd8-eqs7.uuyz,row-wmd8-eqs7.uuyz,dsbase:_9mfq-cb36,dsbase:_9mfq-cb36,89525.0,,Agree,Not agree,2020-12-31T14:55:07,294.0,10.0,68,0,2970,,ND,2020-12-30T00:00:00,92495,1292
ds:row-wqbc_m7mc.4438,row-wqbc_m7mc.4438,dsbase:_9mfq-cb36,dsbase:_9mfq-cb36,50602.0,830.0,Agree,Agree,2021-07-08T14:26:57,36.0,0.0,7,0,18590,31,ME,2021-07-07T00:00:00,69192,861
ds:row-wx68-725d_yz5c,row-wx68-725d_yz5c,dsbase:_9mfq-cb36,dsbase:_9mfq-cb36,,,N/A,N/A,2020-04-15T00:00:00,265.0,0.0,0,,,,WA,2020-04-13T00:00:00,10134,508
ds:row-x37v.v2wh_bt4e,row-x37v.v2wh_bt4e,dsbase:_9mfq-cb36,dsbase:_9mfq-cb36,95186.0,,Agree,Not agree,2021-03-12T15:20:13,121.0,1.0,40,0,5661,,ND,2021-03-11T00:00:00,100847,1455
ds:row-x6hq_a7r5-fua4,row-x6hq_a7r5-fua4,dsbase:_9mfq-cb36,dsbase:_9mfq-cb36,44867.0,1662.0,Agree,Agree,2020-04-20T00:00:00,1200.0,69.0,0,0,58,0,CA,2020-04-20T00:00:00,44925,1662
ds:row-x96c_m9by.zbuh,row-x96c_m9by.zbuh,dsbase:_9mfq-cb36,dsbase:_9mfq-cb36,460582.0,10039.0,Agree,Agree,2020-12-04T00:00:00,5344.0,108.0,430,7,39752,489,MI,2020-12-03T00:00:00,500334,10528
ds:row-x9jd_jus9-u3ev,row-x9jd_jus9-u3ev,dsbase:_9mfq-cb36,dsbase:_9mfq-cb36,,,Not agree,Not agree,2020-08-02T00:00:00,1014.0,14.0,17,0,,,MO,2020-07-31T00:00:00,55735,1395
ds:row-xb4x.4bgv-cuxi,row-xb4x.4bgv-cuxi,dsbase:_9mfq-cb36,dsbase:_9mfq-cb36,,3401.0,Not agree,Agree,2020-09-12T00:00:00,1056.0,4.0,0,0,,223,IN,2020-09-12T00:00:00,104561,3624
ds:row-xczx-5ctz_zps5,row-xczx-5ctz_zps5,dsbase:_9mfq-cb36,dsbase:_9mfq-cb36,585.0,,Agree,Not agree,2020-04-19T16:22:39,57.0,1.0,0,0,0,,ND,2020-04-19T00:00:00,585,10
ds:row-xdj6-gqqk.wbsu,row-xdj6-gqqk.wbsu,dsbase:_9mfq-cb36,dsbase:_9mfq-cb36,,13416.0,Not agree,Agree,2021-06-17T00:00:00,262.0,10.0,0,0,,432,IN,2021-06-17T00:00:00,750432,13848
ds:row-xmkg_6wqb_a3qm,row-xmkg_6wqb_a3qm,dsbase:_9mfq-cb36,dsbase:_9mfq-cb36,32228.0,375.0,Agree,Agree,2020-09-12T14:12:43,333.0,5.0,48,0,2722,37,ID,2020-09-11T00:00:00,34950,412
ds:row-xr58.v6uc.uufx,row-xr58.v6uc.uufx,dsbase:_9mfq-cb36,dsbase:_9mfq-cb36,,,N/A,N/A,2021-09-14T14:22:50,3144.0,21.0,351,0,,,WA,2021-09-13T00:00:00,607160,6981
ds:row-ycrf_u6rd-mt8e,row-ycrf_u6rd-mt8e,dsbase:_9mfq-cb36,dsbase:_9mfq-cb36,,,Not agree,Not agree,2020-07-18T00:00:00,151.0,8.0,0,0,,,NE,2020-07-16T00:00:00,22014,299
ds:row-ydez.xvy7.upx9,row-ydez.xvy7.upx9,dsbase:_9mfq-cb36,dsbase:_9mfq-cb36,,,Not agree,Not agree,2021-02-22T14:53:38,12.0,0.0,0,0,,,GU,2021-02-21T00:00:00,7727,130
ds:row-ydxs-4kye-5558,row-ydxs-4kye-5558,dsbase:_9mfq-cb36,dsbase:_9mfq-cb36,48301.0,,Agree,Not agree,2020-11-04T15:03:00,1114.0,12.0,0,0,0,,ND,2020-11-03T00:00:00,48301,568
ds:row-yhkt.wpm8-24xf,row-yhkt.wpm8-24xf,dsbase:_9mfq-cb36,dsbase:_9mfq-cb36,,,N/A,N/A,2021-07-07T14:48:49,297.0,6.0,42,0,,,WA,2021-07-06T00:00:00,453665,5960
ds:row-ynpe_66qy-rtb6,row-ynpe_66qy-rtb6,dsbase:_9mfq-cb36,dsbase:_9mfq-cb36,,,Not agree,Not agree,2021-01-29T00:00:00,655.0,12.0,0,0,,,NE,2021-01-27T00:00:00,189456,1917
ds:row-yqz7.8dam-zjpk,row-yqz7.8dam-zjpk,dsbase:_9mfq-cb36,dsbase:_9mfq-cb36,,,,,2021-10-20T14:03:53,6.0,0.0,0,0,,,VI,2021-10-19T00:00:00,7085,78
ds:row-yr92.xf64_9m75,row-yr92.xf64_9m75,dsbase:_9mfq-cb36,dsbase:_9mfq-cb36,195651.0,5136.0,Agree,Agree,2021-06-13T00:00:00,127.0,1.0,41,0,123876,2307,MS,2021-06-11T00:00:00,319527,7443
ds:row-yz65.vgdq.wt9m,row-yz65.vgdq.wt9m,dsbase:_9mfq-cb36,dsbase:_9mfq-cb36,169097.0,6364.0,Agree,Agree,2020-08-16T00:00:00,890.0,10.0,51,0,17132,318,MI,2020-08-15T00:00:00,186229,6682
ds:row-yzdy_47qa-bke7,row-yzdy_47qa-bke7,dsbase:_9mfq-cb36,dsbase:_9mfq-cb36,,,Not agree,Not agree,2020-08-14T00:00:00,1403.0,11.0,33,0,,,MO,2020-08-12T00:00:00,68431,1558
ds:row-zdi9_z788-4jeu,row-zdi9_z788-4jeu,dsbase:_9mfq-cb36,dsbase:_9mfq-cb36,734279.0,14718.0,Agree,Agree,2020-08-31T00:00:00,2685.0,118.0,54,0,4226,0,CA,2020-08-31T00:00:00,738505,14718
ds:row-zgke-bwye.3499,row-zgke-bwye.3499,dsbase:_9mfq-cb36,dsbase:_9mfq-cb36,1371.0,23.0,Agree,Agree,2020-07-08T14:12:08,122.0,0.0,0,0,0,0,MT,2020-07-07T00:00:00,1371,23
ds:row-zm3g-nmn8_27t4,row-zm3g-nmn8_27t4,dsbase:_9mfq-cb36,dsbase:_9mfq-cb36,4338.0,310.0,Agree,Agree,2020-04-15T00:00:00,217.0,13.0,0,0,25,1,MS,2020-04-13T00:00:00,4363,311
ds:row-zpbh_bz5y_83bf,row-zpbh_bz5y_83bf,dsbase:_9mfq-cb36,dsbase:_9mfq-cb36,46412.0,1258.0,Agree,Agree,2020-07-03T00:00:00,1739.0,18.0,129,0,1196,104,AL,2020-07-01T00:00:00,47608,1362
ds:row-zqjx-hs7b.zd9r,row-zqjx-hs7b.zd9r,dsbase:_9mfq-cb36,dsbase:_9mfq-cb36,8437.0,322.0,Agree,Agree,2020-05-29T00:00:00,76.0,1.0,1,0,879,23,DE,2020-05-27T00:00:00,9316,345
ds:row-zu3m_4wk4-87i3,row-zu3m_4wk4-87i3,dsbase:_9mfq-cb36,dsbase:_9mfq-cb36,,,N/A,N/A,2020-03-26T00:00:00,189.0,13.0,0,,,,WA,2020-03-24T00:00:00,2322,123
ds:row-zvkc_rndn_qvhh,row-zvkc_rndn_qvhh,dsbase:_9mfq-cb36,dsbase:_9mfq-cb36,149432.0,7099.0,Agree,Agree,2020-07-09T15:14:15,980.0,36.0,0,0,1122,210,IL,2020-07-08T00:00:00,150554,7309
ds:row-zy5j.kkhb.7hbx,row-zy5j.kkhb.7hbx,dsbase:_9mfq-cb36,dsbase:_9mfq-cb36,,,Not agree,Not agree,2021-06-17T14:38:09,724.0,3.0,242,0,,,MO,2021-06-16T00:00:00,608446,9227
https://data.cdc.gov/resource/_9mfq-cb36/row-2eks~yq5x~5ivz,row-2eks~yq5x~5ivz,dsbase:_9mfq-cb36,dsbase:_9mfq-cb36,1573538.0,24367.0,Agree,Agree,2021-09-14T14:22:50,3052.0,42.0,0,6,0,2602,IL,2021-09-13T00:00:00,1573538,26969
https://data.cdc.gov/resource/_9mfq-cb36/row-2r3u~7caj~9yvs,row-2r3u~7caj~9yvs,dsbase:_9mfq-cb36,dsbase:_9mfq-cb36,,,Agree,,2020-04-11T16:22:39,136.0,2.0,,,,,NV,2020-04-12T00:00:00,2836,114
https://data.cdc.gov/resource/_9mfq-cb36/row-2rmc.kc8d~eab3,row-2rmc.kc8d~eab3,dsbase:_9mfq-cb36,dsbase:_9mfq-cb36,14283.0,186.0,Agree,Agree,2020-10-03T13:39:53,459.0,3.0,0,0,0,0,MT,2020-10-02T00:00:00,14283,186
https://data.cdc.gov/resource/_9mfq-cb36/row-2wpa_fajx~n8r5,row-2wpa_fajx~n8r5,dsbase:_9mfq-cb36,dsbase:_9mfq-cb36,18187.0,545.0,Agree,Agree,2020-09-16T00:00:00,84.0,1.0,0,1,976,73,DE,2020-09-14T00:00:00,19163,618
https://data.cdc.gov/resource/_9mfq-cb36/row-2z47~rjir.p8kv,row-2z47~rjir.p8kv,dsbase:_9mfq-cb36,dsbase:_9mfq-cb36,,,Not agree,Not agree,2021-02-13T00:00:00,1007.0,19.0,270,0,,,MO,2021-02-11T00:00:00,540239,8330
https://data.cdc.gov/resource/_9mfq-cb36/row-3dz8.8x24~dz69,row-3dz8.8x24~dz69,dsbase:_9mfq-cb36,dsbase:_9mfq-cb36,,4191.0,N/A,Agree,2020-11-08T00:00:00,1410.0,13.0,0,2,,162,MD,2020-11-06T00:00:00,152915,4353
https://data.cdc.gov/resource/_9mfq-cb36/row-3kwn_a46j~2at8,row-3kwn_a46j~2at8,dsbase:_9mfq-cb36,dsbase:_9mfq-cb36,967.0,22.0,Agree,Agree,2020-06-30T15:27:33,48.0,0.0,0,0,0,0,MT,2020-06-29T00:00:00,967,22
https://data.cdc.gov/resource/_9mfq-cb36/row-3xs4~tz9v~224f,row-3xs4~tz9v~224f,dsbase:_9mfq-cb36,dsbase:_9mfq-cb36,535218.0,5753.0,Agree,Agree,2021-01-27T14:53:24,1564.0,65.0,263,11,48823,511,WI,2021-01-26T00:00:00,584041,6264
https://data.cdc.gov/resource/_9mfq-cb36/row-44wp~vn72_e9jc,row-44wp~vn72_e9jc,dsbase:_9mfq-cb36,dsbase:_9mfq-cb36,,,Not agree,Not agree,2021-02-09T00:00:00,130.0,1.0,7,0,,,VT,2021-02-07T00:00:00,11935,185
https://data.cdc.gov/resource/_9mfq-cb36/row-4azt.452k~bmda,row-4azt.452k~bmda,dsbase:_9mfq-cb36,dsbase:_9mfq-cb36,4068599.0,65123.0,Agree,Agree,2021-08-14T00:00:00,15417.0,77.0,902,0,175276,0,CA,2021-08-14T00:00:00,4243875,65123
https://data.cdc.gov/resource/_9mfq-cb36/row-4bhv~i47m-zbxk,row-4bhv~i47m-zbxk,dsbase:_9mfq-cb36,dsbase:_9mfq-cb36,73397.0,,Agree,Not agree,2020-11-23T15:04:35,714.0,6.0,0,0,0,,ND,2020-11-22T00:00:00,73397,846
https://data.cdc.gov/resource/_9mfq-cb36/row-4dgw~6qs3~9d5i,row-4dgw~6qs3~9d5i,dsbase:_9mfq-cb36,dsbase:_9mfq-cb36,,1814.0,Not agree,Agree,2020-05-18T00:00:00,477.0,43.0,0,2,,165,IN,2020-05-18T00:00:00,28255,1979
https://data.cdc.gov/resource/_9mfq-cb36/row-4evx~rc92-hqh3,row-4evx~rc92-hqh3,dsbase:_9mfq-cb36,dsbase:_9mfq-cb36,,,Not agree,Not agree,2020-03-07T00:00:00,0.0,0.0,0,0,,,NE,2020-03-05T00:00:00,0,0
https://data.cdc.gov/resource/_9mfq-cb36/row-4ff5-mbci~e958,row-4ff5-mbci~e958,dsbase:_9mfq-cb36,dsbase:_9mfq-cb36,6203.0,181.0,Agree,Agree,2020-04-16T00:00:00,377.0,23.0,1,0,6,0,NC,2020-04-16T00:00:00,6209,181
https://data.cdc.gov/resource/_9mfq-cb36/row-4hfx~ertg_8p2z,row-4hfx~ertg_8p2z,dsbase:_9mfq-cb36,dsbase:_9mfq-cb36,48827.0,892.0,Agree,Agree,2020-07-27T14:16:42,965.0,1.0,8,0,3853,7,WI,2020-07-26T00:00:00,52680,899
https://data.cdc.gov/resource/_9mfq-cb36/row-4hyv-5dfu~rbbp,row-4hyv-5dfu~rbbp,dsbase:_9mfq-cb36,dsbase:_9mfq-cb36,153449.0,1820.0,Agree,Agree,2021-05-27T13:41:41,192.0,1.0,42,0,38289,268,ID,2021-05-26T00:00:00,191738,2088
https://data.cdc.gov/resource/_9mfq-cb36/row-4p9x.dyvq~h4cz,row-4p9x.dyvq~h4cz,dsbase:_9mfq-cb36,dsbase:_9mfq-cb36,19129.0,321.0,Agree,Agree,2020-12-28T14:42:49,439.0,1.0,80,0,3191,5,ME,2020-12-27T00:00:00,22320,326
https://data.cdc.gov/resource/_9mfq-cb36/row-4twt~t754~hje4,row-4twt~t754~hje4,dsbase:_9mfq-cb36,dsbase:_9mfq-cb36,3981.0,282.0,Agree,Agree,2020-04-13T00:00:00,146.0,11.0,1,0,25,1,MS,2020-04-11T00:00:00,4006,283
https://data.cdc.gov/resource/_9mfq-cb36/row-52gf-jg2w~i466,row-52gf-jg2w~i466,dsbase:_9mfq-cb36,dsbase:_9mfq-cb36,923701.0,18196.0,Agree,Agree,2020-10-25T00:00:00,4710.0,53.0,166,0,8690,0,CA,2020-10-25T00:00:00,932391,18196
https://data.cdc.gov/resource/_9mfq-cb36/row-57ui~7gp5_qpih,row-57ui~7gp5_qpih,dsbase:_9mfq-cb36,dsbase:_9mfq-cb36,1843.0,32.0,Agree,Agree,2020-07-14T15:13:07,2.0,1.0,0,0,0,0,MT,2020-07-13T00:00:00,1843,32
https://data.cdc.gov/resource/_9mfq-cb36/row-584u_epkz~s2ix,row-584u_epkz~s2ix,dsbase:_9mfq-cb36,dsbase:_9mfq-cb36,188.0,14.0,Agree,Agree,2020-03-15T00:00:00,37.0,2.0,1,0,6,1,MS,2020-03-13T00:00:00,194,15
https://data.cdc.gov/resource/_9mfq-cb36/row-5w7e~9yy7-vsyb,row-5w7e~9yy7-vsyb,dsbase:_9mfq-cb36,dsbase:_9mfq-cb36,,,Not agree,Not agree,2020-09-15T00:00:00,663.0,19.0,18,0,,,MO,2020-09-13T00:00:00,108944,2132
https://data.cdc.gov/resource/_9mfq-cb36/row-6iy5.jprc~6cch,row-6iy5.jprc~6cch,dsbase:_9mfq-cb36,dsbase:_9mfq-cb36,,13648.0,Not agree,Agree,2021-08-02T00:00:00,934.0,13.0,0,0,,442,IN,2021-08-02T00:00:00,774097,14090
https://data.cdc.gov/resource/_9mfq-cb36/row-6upv_v2ha~jbwz,row-6upv_v2ha~jbwz,dsbase:_9mfq-cb36,dsbase:_9mfq-cb36,295440.0,8696.0,Agree,Agree,2020-10-02T13:40:08,2166.0,24.0,0,0,2489,244,IL,2020-10-01T00:00:00,297929,8940
https://data.cdc.gov/resource/_9mfq-cb36/row-6uu2-jax6~jg37,row-6uu2-jax6~jg37,dsbase:_9mfq-cb36,dsbase:_9mfq-cb36,,,Not agree,Not agree,2020-03-26T16:22:39,0.0,0.0,,,,,MO,2020-02-24T00:00:00,0,0
https://data.cdc.gov/resource/_9mfq-cb36/row-6wjc-k3c5~2haf,row-6wjc-k3c5~2haf,dsbase:_9mfq-cb36,dsbase:_9mfq-cb36,,,Not agree,Not agree,2020-05-25T15:38:40,67.0,7.0,0,0,,,NH,2020-04-25T00:00:00,1787,60
https://data.cdc.gov/resource/_9mfq-cb36/row-6xtj_2ebe~3bv4,row-6xtj_2ebe~3bv4,dsbase:_9mfq-cb36,dsbase:_9mfq-cb36,1409226.0,23403.0,Agree,Agree,2021-07-26T13:16:36,1297.0,4.0,0,2,0,2468,IL,2021-07-24T00:00:00,1409226,25871
https://data.cdc.gov/resource/_9mfq-cb36/row-6xzk~vij5.t4i3,row-6xzk~vij5.t4i3,dsbase:_9mfq-cb36,dsbase:_9mfq-cb36,10675.0,213.0,Agree,Agree,2020-12-01T15:26:07,468.0,23.0,108,0,1301,1,ME,2020-11-30T00:00:00,11976,214
https://data.cdc.gov/resource/_9mfq-cb36/row-7bnh.abf3~4vmq,row-7bnh.abf3~4vmq,dsbase:_9mfq-cb36,dsbase:_9mfq-cb36,,,Agree,,2020-03-26T16:22:39,0.0,0.0,,,,,NV,2020-01-27T00:00:00,0,0
https://data.cdc.gov/resource/_9mfq-cb36/row-7dkc~kkd3_yqpt,row-7dkc~kkd3_yqpt,dsbase:_9mfq-cb36,dsbase:_9mfq-cb36,,4392.0,Not agree,Agree,2020-10-28T00:00:00,2548.0,36.0,0,1,,248,IN,2020-10-28T00:00:00,169112,4640
https://data.cdc.gov/resource/_9mfq-cb36/row-7n6h~7xve_jm3f,row-7n6h~7xve_jm3f,dsbase:_9mfq-cb36,dsbase:_9mfq-cb36,,,Agree,Agree,2020-03-26T16:22:39,20.0,0.0,,,,,ID,2020-03-24T00:00:00,71,0
https://data.cdc.gov/resource/_9mfq-cb36/row-7qtr~utzs~zevv,row-7qtr~utzs~zevv,dsbase:_9mfq-cb36,dsbase:_9mfq-cb36,42260.0,464.0,Agree,Agree,2020-10-10T13:30:17,662.0,3.0,142,1,4828,42,ID,2020-10-09T00:00:00,47088,506
https://data.cdc.gov/resource/_9mfq-cb36/row-7uaa~4eke-dnya,row-7uaa~4eke-dnya,dsbase:_9mfq-cb36,dsbase:_9mfq-cb36,197310.0,5164.0,Agree,Agree,2021-07-04T00:00:00,158.0,4.0,65,1,125344,2330,MS,2021-07-02T00:00:00,322654,7494
https://data.cdc.gov/resource/_9mfq-cb36/row-7zeq~dyyj-7chs,row-7zeq~dyyj-7chs,dsbase:_9mfq-cb36,dsbase:_9mfq-cb36,,,Not agree,Not agree,2020-06-12T14:17:59,-1.0,0.0,0,0,,,GU,2020-06-11T00:00:00,182,5
https://data.cdc.gov/resource/_9mfq-cb36/row-8cp2~a35y.4thy,row-8cp2~a35y.4thy,dsbase:_9mfq-cb36,dsbase:_9mfq-cb36,198593.0,7672.0,Agree,Agree,2020-08-13T14:12:28,1645.0,15.0,0,0,1300,209,IL,2020-08-12T00:00:00,199893,7881
https://data.cdc.gov/resource/_9mfq-cb36/row-8dtv-e69a~wie3,row-8dtv-e69a~wie3,dsbase:_9mfq-cb36,dsbase:_9mfq-cb36,,,N/A,N/A,2020-08-11T00:00:00,606.0,0.0,0,0,,,WA,2020-08-09T00:00:00,63200,1688
https://data.cdc.gov/resource/_9mfq-cb36/row-8tmr~rji4.n24c,row-8tmr~rji4.n24c,dsbase:_9mfq-cb36,dsbase:_9mfq-cb36,118556.0,2867.0,Agree,Agree,2020-08-29T00:00:00,1396.0,25.0,462,7,14885,396,AL,2020-08-27T00:00:00,133441,3263
https://data.cdc.gov/resource/_9mfq-cb36/row-8x6j.nurv~nard,row-8x6j.nurv~nard,dsbase:_9mfq-cb36,dsbase:_9mfq-cb36,626417.0,8670.0,Agree,Agree,2021-01-17T00:00:00,3938.0,101.0,650,22,79841,926,NC,2021-01-17T00:00:00,706258,9596
https://data.cdc.gov/resource/_9mfq-cb36/row-9784~qb2f_tpjn,row-9784~qb2f_tpjn,dsbase:_9mfq-cb36,dsbase:_9mfq-cb36,,,Not agree,Not agree,2020-03-26T16:22:39,0.0,0.0,,,,,MO,2020-02-05T00:00:00,0,0
https://data.cdc.gov/resource/_9mfq-cb36/row-9dyp.y2sz~8zp6,row-9dyp.y2sz~8zp6,dsbase:_9mfq-cb36,dsbase:_9mfq-cb36,10219.0,400.0,Agree,Agree,2020-05-11T21:26:08,280.0,2.0,0,0,0,0,WI,2020-05-10T00:00:00,10219,400
https://data.cdc.gov/resource/_9mfq-cb36/row-9hne~ed4y-wfyt,row-9hne~ed4y-wfyt,dsbase:_9mfq-cb36,dsbase:_9mfq-cb36,,15572.0,Not agree,Agree,2021-10-09T00:00:00,1573.0,14.0,0,2,,523,IN,2021-10-09T00:00:00,984017,16095
https://data.cdc.gov/resource/_9mfq-cb36/row-9mzv~vyxw_9igb,row-9mzv~vyxw_9igb,dsbase:_9mfq-cb36,dsbase:_9mfq-cb36,261371.0,8309.0,Agree,Agree,2020-09-14T14:01:21,1462.0,14.0,0,0,2095,232,IL,2020-09-13T00:00:00,263466,8541
https://data.cdc.gov/resource/_9mfq-cb36/row-9qxs_7qpr~j5q6,row-9qxs_7qpr~j5q6,dsbase:_9mfq-cb36,dsbase:_9mfq-cb36,,2972.0,N/A,Agree,2020-06-18T00:00:00,560.0,14.0,0,1,,130,MD,2020-06-16T00:00:00,62969,3102
https://data.cdc.gov/resource/_9mfq-cb36/row-9vgt~8kkj~9gd3,row-9vgt~8kkj~9gd3,dsbase:_9mfq-cb36,dsbase:_9mfq-cb36,42557.0,3308.0,Agree,Agree,2020-06-12T14:17:59,114.0,26.0,5,1,1904,838,CT,2020-06-11T00:00:00,44461,4146
https://data.cdc.gov/resource/_9mfq-cb36/row-a3jh~vgpk~264v,row-a3jh~vgpk~264v,dsbase:_9mfq-cb36,dsbase:_9mfq-cb36,121409.0,3603.0,Agree,Agree,2020-11-27T00:00:00,1433.0,27.0,755,10,29214,643,MS,2020-11-25T00:00:00,150623,4246
https://data.cdc.gov/resource/_9mfq-cb36/row-a424~zmm7.943x,row-a424~zmm7.943x,dsbase:_9mfq-cb36,dsbase:_9mfq-cb36,704491.0,10023.0,Agree,Agree,2021-02-05T00:00:00,4238.0,68.0,898,7,99026,1254,NC,2021-02-05T00:00:00,803517,11277
https://data.cdc.gov/resource/_9mfq-cb36/row-a5cn-pzwb~iptt,row-a5cn-pzwb~iptt,dsbase:_9mfq-cb36,dsbase:_9mfq-cb36,25889.0,938.0,Agree,Agree,2020-06-11T00:00:00,712.0,16.0,21,3,453,69,AL,2020-06-09T00:00:00,26342,1007
https://data.cdc.gov/resource/_9mfq-cb36/row-a698~fdvy_bier,row-a698~fdvy_bier,dsbase:_9mfq-cb36,dsbase:_9mfq-cb36,40922.0,1190.0,Agree,Agree,2020-06-29T00:00:00,764.0,21.0,25,3,881,98,AL,2020-06-27T00:00:00,41803,1288
https://data.cdc.gov/resource/_9mfq-cb36/row-abk7~fp9z_qffz,row-abk7~fp9z_qffz,dsbase:_9mfq-cb36,dsbase:_9mfq-cb36,104274.0,1676.0,Agree,Agree,2021-08-07T14:00:45,228.0,0.0,26,0,8024,157,DE,2021-08-06T00:00:00,112298,1833
https://data.cdc.gov/resource/_9mfq-cb36/row-aedb~d9wk~abty,row-aedb~d9wk~abty,dsbase:_9mfq-cb36,dsbase:_9mfq-cb36,,,Not agree,Not agree,2020-03-26T16:22:39,0.0,0.0,,,,,GU,2020-03-10T00:00:00,0,0
https://data.cdc.gov/resource/_9mfq-cb36/row-ahfd-uf2d~9tze,row-ahfd-uf2d~9tze,dsbase:_9mfq-cb36,dsbase:_9mfq-cb36,4845.0,246.0,Agree,Agree,2020-04-22T16:22:39,225.0,4.0,0,0,0,0,WI,2020-04-22T00:00:00,4845,246
https://data.cdc.gov/resource/_9mfq-cb36/row-av5s_x8pw~qkn8,row-av5s_x8pw~qkn8,dsbase:_9mfq-cb36,dsbase:_9mfq-cb36,25331.0,750.0,Agree,Agree,2020-06-24T15:03:27,289.0,6.0,26,1,2796,7,WI,2020-06-23T00:00:00,28127,757
https://data.cdc.gov/resource/_9mfq-cb36/row-aym2.q69i~4z3q,row-aym2.q69i~4z3q,dsbase:_9mfq-cb36,dsbase:_9mfq-cb36,905958.0,18017.0,Agree,Agree,2020-10-21T00:00:00,5162.0,55.0,150,0,8129,0,CA,2020-10-21T00:00:00,914087,18017
https://data.cdc.gov/resource/_9mfq-cb36/row-azi9_tzsi~hdum,row-azi9_tzsi~hdum,dsbase:_9mfq-cb36,dsbase:_9mfq-cb36,399234.0,,Agree,,2021-09-09T14:36:12,1446.0,33.0,0,0,0,,NV,2021-09-08T00:00:00,399234,6637
https://data.cdc.gov/resource/_9mfq-cb36/row-b37g~re2u-wzv7,row-b37g~re2u-wzv7,dsbase:_9mfq-cb36,dsbase:_9mfq-cb36,,12708.0,Not agree,Agree,2021-03-26T00:00:00,1120.0,8.0,0,0,,412,IN,2021-03-26T00:00:00,683444,13120
https://data.cdc.gov/resource/_9mfq-cb36/row-bart~uas9-ustm,row-bart~uas9-ustm,dsbase:_9mfq-cb36,dsbase:_9mfq-cb36,14794.0,517.0,Agree,Agree,2020-08-07T00:00:00,70.0,0.0,0,0,946,70,DE,2020-08-05T00:00:00,15740,587
https://data.cdc.gov/resource/_9mfq-cb36/row-bbyu~j3sk_7gfm,row-bbyu~j3sk_7gfm,dsbase:_9mfq-cb36,dsbase:_9mfq-cb36,313273.0,6023.0,Agree,Agree,2021-01-04T00:00:00,3451.0,78.0,1010,19,80874,1325,AL,2021-01-02T00:00:00,394147,7348
https://data.cdc.gov/resource/_9mfq-cb36/row-bcbe~tsdq~akdm,row-bcbe~tsdq~akdm,dsbase:_9mfq-cb36,dsbase:_9mfq-cb36,,,Not agree,Not agree,2020-09-08T14:47:00,0.0,0.0,0,0,,,GU,2020-09-07T00:00:00,1619,14
https://data.cdc.gov/resource/_9mfq-cb36/row-bepf~3gax_gwk6,row-bepf~3gax_gwk6,dsbase:_9mfq-cb36,dsbase:_9mfq-cb36,804586.0,11335.0,Agree,Agree,2021-04-12T00:00:00,1251.0,12.0,394,0,131427,1493,NC,2021-04-12T00:00:00,936013,12828
https://data.cdc.gov/resource/_9mfq-cb36/row-bkgm~fm9z~j2uq,row-bkgm~fm9z~j2uq,dsbase:_9mfq-cb36,dsbase:_9mfq-cb36,,4012.0,N/A,Agree,2020-10-18T00:00:00,798.0,7.0,0,0,,157,MD,2020-10-16T00:00:00,135127,4169
https://data.cdc.gov/resource/_9mfq-cb36/row-c3jr~5zmh_5d5g,row-c3jr~5zmh_5d5g,dsbase:_9mfq-cb36,dsbase:_9mfq-cb36,9916.0,189.0,Agree,Agree,2020-11-26T14:44:21,0.0,0.0,0,0,1111,1,ME,2020-11-25T00:00:00,11027,190
https://data.cdc.gov/resource/_9mfq-cb36/row-c4qg~dr6n_qngs,row-c4qg~dr6n_qngs,dsbase:_9mfq-cb36,dsbase:_9mfq-cb36,,,Not agree,Not agree,2021-10-05T13:39:21,431.0,2.0,0,0,,,NH,2021-10-04T00:00:00,122054,1485
https://data.cdc.gov/resource/_9mfq-cb36/row-c4tv~6pgt~xtuz,row-c4tv~6pgt~xtuz,dsbase:_9mfq-cb36,dsbase:_9mfq-cb36,,7820.0,N/A,Agree,2021-02-15T00:00:00,847.0,26.0,0,0,,200,MD,2021-02-13T00:00:00,370983,8020
https://data.cdc.gov/resource/_9mfq-cb36/row-c8q8_j4xt~qgwg,row-c8q8_j4xt~qgwg,dsbase:_9mfq-cb36,dsbase:_9mfq-cb36,,,Not agree,Not agree,2020-05-29T00:00:00,262.0,8.0,0,0,,,MO,2020-05-27T00:00:00,13208,858
https://data.cdc.gov/resource/_9mfq-cb36/row-cbss-kqka~qr2g,row-cbss-kqka~qr2g,dsbase:_9mfq-cb36,dsbase:_9mfq-cb36,796264.0,13343.0,Agree,Agree,2020-12-08T14:59:49,8691.0,100.0,0,12,0,873,IL,2020-12-07T00:00:00,796264,14216
https://data.cdc.gov/resource/_9mfq-cb36/row-cefx-i6cx~2nty,row-cefx-i6cx~2nty,dsbase:_9mfq-cb36,dsbase:_9mfq-cb36,22932.0,694.0,Agree,Agree,2020-06-16T14:10:11,185.0,2.0,11,0,2548,6,WI,2020-06-15T00:00:00,25480,700
https://data.cdc.gov/resource/_9mfq-cb36/row-cfjp.a4zb~3744,row-cfjp.a4zb~3744,dsbase:_9mfq-cb36,dsbase:_9mfq-cb36,3654763.0,62735.0,Agree,Agree,2021-05-02T00:00:00,1777.0,15.0,146,0,148566,0,CA,2021-05-02T00:00:00,3803329,62735
https://data.cdc.gov/resource/_9mfq-cb36/row-cqr9~yt9m~xnna,row-cqr9~yt9m~xnna,dsbase:_9mfq-cb36,dsbase:_9mfq-cb36,165906.0,4547.0,Agree,Agree,2021-01-19T00:00:00,1222.0,25.0,640,14,90629,1769,MS,2021-01-17T00:00:00,256535,6316
https://data.cdc.gov/resource/_9mfq-cb36/row-ctww_bvzc~pv3m,row-ctww_bvzc~pv3m,dsbase:_9mfq-cb36,dsbase:_9mfq-cb36,6906.0,,Agree,,2020-05-19T15:45:23,49.0,14.0,0,0,15,,NV,2020-05-18T00:00:00,6921,379
https://data.cdc.gov/resource/_9mfq-cb36/row-cwwv~biec.uwbs,row-cwwv~biec.uwbs,dsbase:_9mfq-cb36,dsbase:_9mfq-cb36,6857.0,,Agree,,2020-05-18T16:01:54,210.0,16.0,15,15,15,,NV,2020-05-17T00:00:00,6872,365
https://data.cdc.gov/resource/_9mfq-cb36/row-d3iq.r9vd~p3fw,row-d3iq.r9vd~p3fw,dsbase:_9mfq-cb36,dsbase:_9mfq-cb36,,,N/A,N/A,2020-12-28T00:00:00,1006.0,0.0,67,0,,,WA,2020-12-26T00:00:00,236673,3184
https://data.cdc.gov/resource/_9mfq-cb36/row-d4ww~hhsn_zudd,row-d4ww~hhsn_zudd,dsbase:_9mfq-cb36,dsbase:_9mfq-cb36,,,,,2021-06-19T00:00:00,211.0,0.0,0,0,,,NV,2021-06-19T00:00:00,329086,5649
https://data.cdc.gov/resource/_9mfq-cb36/row-d9i2~kzxc_vczj,row-d9i2~kzxc_vczj,dsbase:_9mfq-cb36,dsbase:_9mfq-cb36,94150.0,,Agree,Not agree,2021-02-19T15:33:51,119.0,0.0,38,0,5003,,ND,2021-02-18T00:00:00,99153,1435
https://data.cdc.gov/resource/_9mfq-cb36/row-daxt-59tk~rhdf,row-daxt-59tk~rhdf,dsbase:_9mfq-cb36,dsbase:_9mfq-cb36,394439.0,8314.0,Agree,Agree,2021-02-24T00:00:00,1039.0,21.0,299,8,114372,2111,AL,2021-02-22T00:00:00,508811,10425
https://data.cdc.gov/resource/_9mfq-cb36/row-dexc-uzb5~5eid,row-dexc-uzb5~5eid,dsbase:_9mfq-cb36,dsbase:_9mfq-cb36,1376441.0,22633.0,Agree,Agree,2021-05-25T14:17:06,933.0,10.0,0,0,0,2378,IL,2021-05-24T00:00:00,1376441,25011
https://data.cdc.gov/resource/_9mfq-cb36/row-dhip.7ge7~ye38,row-dhip.7ge7~ye38,dsbase:_9mfq-cb36,dsbase:_9mfq-cb36,,,,,2020-04-12T16:22:39,0.0,0.0,,,,,VI,2020-04-13T00:00:00,51,1
https://data.cdc.gov/resource/_9mfq-cb36/row-dpdq~pcbf.rspm,row-dpdq~pcbf.rspm,dsbase:_9mfq-cb36,dsbase:_9mfq-cb36,,13434.0,Not agree,Agree,2021-06-20T00:00:00,213.0,8.0,0,0,,433,IN,2021-06-20T00:00:00,751455,13867
https://data.cdc.gov/resource/_9mfq-cb36/row-dq5r~yeza~b3sn,row-dq5r~yeza~b3sn,dsbase:_9mfq-cb36,dsbase:_9mfq-cb36,,,N/A,N/A,2021-09-30T14:57:48,2699.0,63.0,725,0,,,WA,2021-09-29T00:00:00,654710,7654
https://data.cdc.gov/resource/_9mfq-cb36/row-dzt4~hidx~p2ms,row-dzt4~hidx~p2ms,dsbase:_9mfq-cb36,dsbase:_9mfq-cb36,,,Agree,,2020-04-07T16:22:39,231.0,9.0,,,,,NV,2020-04-08T00:00:00,2318,80
https://data.cdc.gov/resource/_9mfq-cb36/row-eexx~g4mq~akz3,row-eexx~g4mq~akz3,dsbase:_9mfq-cb36,dsbase:_9mfq-cb36,,,N/A,N/A,2021-06-02T13:20:48,239.0,11.0,0,0,,,WA,2020-04-26T00:00:00,13515,749
https://data.cdc.gov/resource/_9mfq-cb36/row-egnn.kphz~j8vv,row-egnn.kphz~j8vv,dsbase:_9mfq-cb36,dsbase:_9mfq-cb36,866700.0,18237.0,Agree,Agree,2021-05-05T00:00:00,2531.0,65.0,368,2,99842,1175,MI,2021-05-04T00:00:00,966542,19412
https://data.cdc.gov/resource/_9mfq-cb36/row-ehyp_rp2m~vg2r,row-ehyp_rp2m~vg2r,dsbase:_9mfq-cb36,dsbase:_9mfq-cb36,148007.0,3578.0,Agree,Agree,2020-10-10T00:00:00,1064.0,17.0,195,4,23741,565,AL,2020-10-08T00:00:00,171748,4143
https://data.cdc.gov/resource/_9mfq-cb36/row-ejd2.mj2f~aecf,row-ejd2.mj2f~aecf,dsbase:_9mfq-cb36,dsbase:_9mfq-cb36,,,,,2020-05-04T22:49:24,0.0,0.0,0,0,,,VI,2020-05-03T00:00:00,66,4
https://data.cdc.gov/resource/_9mfq-cb36/row-erne-842i~y74i,row-erne-842i~y74i,dsbase:_9mfq-cb36,dsbase:_9mfq-cb36,10467.0,,Agree,Not agree,2020-08-26T13:51:40,238.0,0.0,0,0,0,,ND,2020-08-25T00:00:00,10467,138
https://data.cdc.gov/resource/_9mfq-cb36/row-f5uj_42ha~z7wi,row-f5uj_42ha~z7wi,dsbase:_9mfq-cb36,dsbase:_9mfq-cb36,,,Not agree,Not agree,2021-05-21T14:08:46,621.0,9.0,190,0,,,MO,2021-05-20T00:00:00,595459,9005
https://data.cdc.gov/resource/_9mfq-cb36/row-fbhi-vwcy~qq7x,row-fbhi-vwcy~qq7x,dsbase:_9mfq-cb36,dsbase:_9mfq-cb36,358491.0,7086.0,Agree,Agree,2021-10-13T14:39:10,372.0,0.0,23,0,36990,1581,CT,2021-10-12T00:00:00,395481,8667
https://data.cdc.gov/resource/_9mfq-cb36/row-fcw6~ibtr-avi5,row-fcw6~ibtr-avi5,dsbase:_9mfq-cb36,dsbase:_9mfq-cb36,,,Not agree,Not agree,2020-08-12T13:50:14,15.0,0.0,0,0,,,GU,2020-08-11T00:00:00,449,5
https://data.cdc.gov/resource/_9mfq-cb36/row-fdhz-zp6z~6h9m,row-fdhz-zp6z~6h9m,dsbase:_9mfq-cb36,dsbase:_9mfq-cb36,841688.0,14176.0,Agree,Agree,2020-12-13T14:31:19,8737.0,165.0,0,39,0,1056,IL,2020-12-12T00:00:00,841688,15232
https://data.cdc.gov/resource/_9mfq-cb36/row-fffg-7gtp~4sin,row-fffg-7gtp~4sin,dsbase:_9mfq-cb36,dsbase:_9mfq-cb36,305652.0,,Agree,,2021-04-07T14:25:43,295.0,22.0,0,0,0,,NV,2021-04-06T00:00:00,305652,5297
https://data.cdc.gov/resource/_9mfq-cb36/row-fhbq.bt2s~642u,row-fhbq.bt2s~642u,dsbase:_9mfq-cb36,dsbase:_9mfq-cb36,179803.0,4795.0,Agree,Agree,2021-02-13T00:00:00,611.0,12.0,341,6,107462,2055,MS,2021-02-11T00:00:00,287265,6850
https://data.cdc.gov/resource/_9mfq-cb36/row-fkte-k5nf~yi4n,row-fkte-k5nf~yi4n,dsbase:_9mfq-cb36,dsbase:_9mfq-cb36,,,Not agree,Not agree,2020-07-09T00:00:00,2.0,0.0,0,0,,,VT,2020-07-07T00:00:00,1146,55
https://data.cdc.gov/resource/_9mfq-cb36/row-fqy6-eppy~4as4,row-fqy6-eppy~4as4,dsbase:_9mfq-cb36,dsbase:_9mfq-cb36,,,Not agree,Not agree,2020-11-18T00:00:00,2185.0,18.0,0,0,,,NE,2020-11-16T00:00:00,101378,797
https://data.cdc.gov/resource/_9mfq-cb36/row-fugz.r82u~4bad,row-fugz.r82u~4bad,dsbase:_9mfq-cb36,dsbase:_9mfq-cb36,,,Not agree,Not agree,2020-12-02T00:00:00,6712.0,56.0,1013,0,,,MO,2020-11-30T00:00:00,338119,5104
https://data.cdc.gov/resource/_9mfq-cb36/row-fxa7~vz9r_p44x,row-fxa7~vz9r_p44x,dsbase:_9mfq-cb36,dsbase:_9mfq-cb36,47158.0,520.0,Agree,Agree,2020-11-16T18:40:02,1272.0,6.0,0,0,0,0,MT,2020-11-15T00:00:00,47158,520
https://data.cdc.gov/resource/_9mfq-cb36/row-fyvs~x7x2.v3tz,row-fyvs~x7x2.v3tz,dsbase:_9mfq-cb36,dsbase:_9mfq-cb36,,9464.0,N/A,Agree,2021-06-12T14:13:34,86.0,6.0,0,1,,219,MD,2021-06-11T00:00:00,461183,9683
https://data.cdc.gov/resource/_9mfq-cb36/row-fz5z~zrhm.zrpb,row-fz5z~zrhm.zrpb,dsbase:_9mfq-cb36,dsbase:_9mfq-cb36,260.0,,Agree,Agree,2020-03-30T00:00:00,47.0,3.0,1,,2,,DE,2020-03-28T00:00:00,262,5
https://data.cdc.gov/resource/_9mfq-cb36/row-g37b~5x75~gzkq,row-g37b~5x75~gzkq,dsbase:_9mfq-cb36,dsbase:_9mfq-cb36,,,Agree,,2020-03-28T16:22:39,182.0,1.0,,,,,NV,2020-03-29T00:00:00,920,15
https://data.cdc.gov/resource/_9mfq-cb36/row-g3te-g936~akr6,row-g3te-g936~akr6,dsbase:_9mfq-cb36,dsbase:_9mfq-cb36,360993.0,7155.0,Agree,Agree,2021-01-23T00:00:00,2896.0,88.0,855,26,99986,1731,AL,2021-01-21T00:00:00,460979,8886
https://data.cdc.gov/resource/_9mfq-cb36/row-g85v_binx~ev3d,row-g85v_binx~ev3d,dsbase:_9mfq-cb36,dsbase:_9mfq-cb36,59749.0,,Agree,,2020-08-15T14:02:05,1099.0,15.0,0,0,206,,NV,2020-08-14T00:00:00,59955,1073
https://data.cdc.gov/resource/_9mfq-cb36/row-g94k-7pde~bahu,row-g94k-7pde~bahu,dsbase:_9mfq-cb36,dsbase:_9mfq-cb36,,13291.0,Not agree,Agree,2021-05-31T00:00:00,452.0,16.0,0,0,,429,IN,2021-05-31T00:00:00,744148,13720
https://data.cdc.gov/resource/_9mfq-cb36/row-gitt~ctya~6v92,row-gitt~ctya~6v92,dsbase:_9mfq-cb36,dsbase:_9mfq-cb36,234814.0,5741.0,Agree,Agree,2021-01-31T14:48:12,0.0,0.0,0,0,15209,1305,CT,2021-01-30T00:00:00,250023,7046
https://data.cdc.gov/resource/_9mfq-cb36/row-gk9g_84mk~zihp,row-gk9g_84mk~zihp,dsbase:_9mfq-cb36,dsbase:_9mfq-cb36,424995.0,,Agree,,2021-10-07T14:06:32,738.0,25.0,69,0,9759,,NV,2021-10-06T00:00:00,434754,7246
https://data.cdc.gov/resource/_9mfq-cb36/row-gksk~b9zc~wiki,row-gksk~b9zc~wiki,dsbase:_9mfq-cb36,dsbase:_9mfq-cb36,510.0,256.0,Agree,Agree,2020-02-04T00:00:00,7.0,0.0,0,0,1,0,CA,2020-02-04T00:00:00,511,256
https://data.cdc.gov/resource/_9mfq-cb36/row-gswe~f2pu_gadj,row-gswe~f2pu_gadj,dsbase:_9mfq-cb36,dsbase:_9mfq-cb36,286118.0,6638.0,Agree,Agree,2021-10-16T13:26:43,256.0,2.0,119,2,211928,3281,MS,2021-10-15T00:00:00,498046,9919
https://data.cdc.gov/resource/_9mfq-cb36/row-h7de_rvr2~m2y3,row-h7de_rvr2~m2y3,dsbase:_9mfq-cb36,dsbase:_9mfq-cb36,,,Not agree,Not agree,2020-11-20T00:00:00,53.0,1.0,3,0,,,VT,2020-11-18T00:00:00,3053,60
https://data.cdc.gov/resource/_9mfq-cb36/row-hdt4~3rrs~idsd,row-hdt4~3rrs~idsd,dsbase:_9mfq-cb36,dsbase:_9mfq-cb36,,,Not agree,Not agree,2020-06-18T00:00:00,458.0,9.0,5,0,,,MO,2020-06-16T00:00:00,18244,1013
https://data.cdc.gov/resource/_9mfq-cb36/row-hgsy~u34m-5tip,row-hgsy~u34m-5tip,dsbase:_9mfq-cb36,dsbase:_9mfq-cb36,86072.0,1910.0,Agree,Agree,2020-07-28T00:00:00,792.0,43.0,132,5,6268,189,AL,2020-07-26T00:00:00,92340,2099
https://data.cdc.gov/resource/_9mfq-cb36/row-hn3u~tjd6-36m9,row-hn3u~tjd6-36m9,dsbase:_9mfq-cb36,dsbase:_9mfq-cb36,,,Not agree,Not agree,2020-06-27T17:51:58,0.0,0.0,0,0,,,NH,2020-06-26T00:00:00,5638,357
https://data.cdc.gov/resource/_9mfq-cb36/row-hpxr_z4zs~xjyq,row-hpxr_z4zs~xjyq,dsbase:_9mfq-cb36,dsbase:_9mfq-cb36,48887.0,3569.0,Agree,Agree,2020-08-16T14:57:14,0.0,0.0,0,0,2010,884,CT,2020-08-15T00:00:00,50897,4453
https://data.cdc.gov/resource/_9mfq-cb36/row-iebq~yrec_2kv2,row-iebq~yrec_2kv2,dsbase:_9mfq-cb36,dsbase:_9mfq-cb36,,,Not agree,Not agree,2020-06-24T00:00:00,176.0,5.0,0,0,,,NE,2020-06-22T00:00:00,17858,249
https://data.cdc.gov/resource/_9mfq-cb36/row-igdi.vhdz~fvtj,row-igdi.vhdz~fvtj,dsbase:_9mfq-cb36,dsbase:_9mfq-cb36,54223.0,1285.0,Agree,Agree,2020-06-19T00:00:00,1768.0,16.0,3,0,34,0,NC,2020-06-19T00:00:00,54257,1285
https://data.cdc.gov/resource/_9mfq-cb36/row-ipvw~abri_5zjm,row-ipvw~abri_5zjm,dsbase:_9mfq-cb36,dsbase:_9mfq-cb36,162449.0,4686.0,Agree,Agree,2020-12-27T14:44:47,0.0,0.0,0,0,10294,1105,CT,2020-12-26T00:00:00,172743,5791
https://data.cdc.gov/resource/_9mfq-cb36/row-ivfe~rpn7~3wgk,row-ivfe~rpn7~3wgk,dsbase:_9mfq-cb36,dsbase:_9mfq-cb36,,,,,2021-02-20T14:45:37,17.0,0.0,0,0,,,VI,2021-02-19T00:00:00,2575,25
https://data.cdc.gov/resource/_9mfq-cb36/row-j2uw~vwmq~p9ai,row-j2uw~vwmq~p9ai,dsbase:_9mfq-cb36,dsbase:_9mfq-cb36,,9466.0,N/A,Agree,2021-06-13T13:40:53,82.0,3.0,0,1,,220,MD,2021-06-12T00:00:00,461265,9686
https://data.cdc.gov/resource/_9mfq-cb36/row-jina-nb4c~m2xg,row-jina-nb4c~m2xg,dsbase:_9mfq-cb36,dsbase:_9mfq-cb36,136811.0,3359.0,Agree,Agree,2020-09-24T00:00:00,908.0,17.0,153,5,20837,501,AL,2020-09-22T00:00:00,157648,3860
https://data.cdc.gov/resource/_9mfq-cb36/row-jkxc~x85v~myvd,row-jkxc~x85v~myvd,dsbase:_9mfq-cb36,dsbase:_9mfq-cb36,,,Not agree,Not agree,2020-05-16T00:00:00,186.0,14.0,0,0,,,MO,2020-05-14T00:00:00,11020,711
https://data.cdc.gov/resource/_9mfq-cb36/row-jmk8_9yj2~tuic,row-jmk8_9yj2~tuic,dsbase:_9mfq-cb36,dsbase:_9mfq-cb36,212906.0,5379.0,Agree,Agree,2021-08-04T00:00:00,1574.0,17.0,758,5,137164,2412,MS,2021-08-02T00:00:00,350070,7791
https://data.cdc.gov/resource/_9mfq-cb36/row-jpmj~2uff.kv4q,row-jpmj~2uff.kv4q,dsbase:_9mfq-cb36,dsbase:_9mfq-cb36,95029.0,,Agree,Not agree,2021-03-10T14:58:31,101.0,3.0,69,0,5586,,ND,2021-03-09T00:00:00,100615,1452
https://data.cdc.gov/resource/_9mfq-cb36/row-k7k6_4n37~hy6i,row-k7k6_4n37~hy6i,dsbase:_9mfq-cb36,dsbase:_9mfq-cb36,622867.0,7443.0,Agree,Agree,2021-08-03T14:29:23,697.0,3.0,56,1,66418,852,WI,2021-08-02T00:00:00,689285,8295
https://data.cdc.gov/resource/_9mfq-cb36/row-khdh-yiht~mb4x,row-khdh-yiht~mb4x,dsbase:_9mfq-cb36,dsbase:_9mfq-cb36,280937.0,6462.0,Agree,Agree,2021-03-26T14:14:54,1488.0,10.0,102,3,22573,1400,CT,2021-03-25T00:00:00,303510,7862
https://data.cdc.gov/resource/_9mfq-cb36/row-kqzf.nxjd~ujv4,row-kqzf.nxjd~ujv4,dsbase:_9mfq-cb36,dsbase:_9mfq-cb36,854297.0,11830.0,Agree,Agree,2021-06-05T00:00:00,482.0,6.0,127,3,148148,1588,NC,2021-06-05T00:00:00,1002445,13418
https://data.cdc.gov/resource/_9mfq-cb36/row-ks6x~w9rh_d269,row-ks6x~w9rh_d269,dsbase:_9mfq-cb36,dsbase:_9mfq-cb36,381766.0,,Agree,,2021-08-24T14:24:26,1022.0,10.0,0,0,0,,NV,2021-08-23T00:00:00,381766,6306
https://data.cdc.gov/resource/_9mfq-cb36/row-ktc3~cyqj-yy3n,row-ktc3~cyqj-yy3n,dsbase:_9mfq-cb36,dsbase:_9mfq-cb36,364115.0,7753.0,Agree,Agree,2020-07-08T00:00:00,11804.0,118.0,36,0,656,0,CA,2020-07-08T00:00:00,364771,7753
https://data.cdc.gov/resource/_9mfq-cb36/row-ktw3~f9b4_wp5m,row-ktw3~f9b4_wp5m,dsbase:_9mfq-cb36,dsbase:_9mfq-cb36,45308.0,3476.0,Agree,Agree,2020-07-11T18:25:05,78.0,0.0,-6,0,1979,872,CT,2020-07-10T00:00:00,47287,4348
https://data.cdc.gov/resource/_9mfq-cb36/row-ku23~xd46.idp3,row-ku23~xd46.idp3,dsbase:_9mfq-cb36,dsbase:_9mfq-cb36,,,Not agree,Not agree,2021-05-15T00:00:00,463.0,2.0,113,0,,,MO,2021-05-13T00:00:00,592512,8993
https://data.cdc.gov/resource/_9mfq-cb36/row-m96h~aswb_sr7h,row-m96h~aswb_sr7h,dsbase:_9mfq-cb36,dsbase:_9mfq-cb36,,,Not agree,Not agree,2020-03-26T16:22:39,0.0,0.0,,,,,VT,2020-02-02T00:00:00,0,0
https://data.cdc.gov/resource/_9mfq-cb36/row-mbcp~32vy~tdnu,row-mbcp~32vy~tdnu,dsbase:_9mfq-cb36,dsbase:_9mfq-cb36,80410.0,,Agree,,2020-10-02T13:40:08,430.0,3.0,0,0,105,,NV,2020-10-01T00:00:00,80515,1645
https://data.cdc.gov/resource/_9mfq-cb36/row-mbpg~sgqz-62sg,row-mbpg~sgqz-62sg,dsbase:_9mfq-cb36,dsbase:_9mfq-cb36,,,,,2020-05-08T21:26:08,2.0,0.0,0,0,,,VI,2020-05-07T00:00:00,68,4
https://data.cdc.gov/resource/_9mfq-cb36/row-mfg7~gk9n.dmsn,row-mfg7~gk9n.dmsn,dsbase:_9mfq-cb36,dsbase:_9mfq-cb36,1499.0,3.0,Agree,Agree,2020-03-25T00:00:00,215.0,1.0,3,0,56,2,AL,2020-03-23T00:00:00,1555,5
https://data.cdc.gov/resource/_9mfq-cb36/row-mgh9~vq7y_imgg,row-mgh9~vq7y_imgg,dsbase:_9mfq-cb36,dsbase:_9mfq-cb36,785281.0,11181.0,Agree,Agree,2021-03-27T00:00:00,1756.0,12.0,491,2,124557,1467,NC,2021-03-27T00:00:00,909838,12648
https://data.cdc.gov/resource/_9mfq-cb36/row-mjc3~4i7k_8pbr,row-mjc3~4i7k_8pbr,dsbase:_9mfq-cb36,dsbase:_9mfq-cb36,,,Agree,Not agree,2020-03-26T16:22:39,5.0,0.0,,,,,ND,2020-03-24T00:00:00,37,0
https://data.cdc.gov/resource/_9mfq-cb36/row-mk52~6a2s_9g27,row-mk52~6a2s_9g27,dsbase:_9mfq-cb36,dsbase:_9mfq-cb36,406513.0,8702.0,Agree,Agree,2021-03-31T00:00:00,467.0,9.0,149,2,119524,2223,AL,2021-03-29T00:00:00,526037,10925
https://data.cdc.gov/resource/_9mfq-cb36/row-mk93_kjgn~v68m,row-mk93_kjgn~v68m,dsbase:_9mfq-cb36,dsbase:_9mfq-cb36,,3456.0,N/A,Agree,2020-07-31T00:00:00,892.0,11.0,0,0,,140,MD,2020-07-29T00:00:00,87177,3596
https://data.cdc.gov/resource/_9mfq-cb36/row-mq39.6st7~vwbh,row-mq39.6st7~vwbh,dsbase:_9mfq-cb36,dsbase:_9mfq-cb36,10.0,,Agree,Agree,2020-03-18T00:00:00,1.0,0.0,0,,0,,DE,2020-03-16T00:00:00,10,0
https://data.cdc.gov/resource/_9mfq-cb36/row-msp3~qkbr-gscy,row-msp3~qkbr-gscy,dsbase:_9mfq-cb36,dsbase:_9mfq-cb36,577195.0,6622.0,Agree,Agree,2021-04-01T14:13:30,727.0,23.0,164,13,58846,693,WI,2021-03-31T00:00:00,636041,7315
https://data.cdc.gov/resource/_9mfq-cb36/row-mupq~cs5m_dvtn,row-mupq~cs5m_dvtn,dsbase:_9mfq-cb36,dsbase:_9mfq-cb36,127411.0,1838.0,Agree,Agree,2021-10-15T13:51:07,494.0,0.0,73,0,11527,167,DE,2021-10-14T00:00:00,138938,2005
https://data.cdc.gov/resource/_9mfq-cb36/row-mvm5~5ztn~4s65,row-mvm5~5ztn~4s65,dsbase:_9mfq-cb36,dsbase:_9mfq-cb36,,0.0,N/A,Agree,2020-03-06T00:00:00,0.0,0.0,,0,,0,MD,2020-03-04T00:00:00,0,0
https://data.cdc.gov/resource/_9mfq-cb36/row-n4my~aytk_5hbx,row-n4my~aytk_5hbx,dsbase:_9mfq-cb36,dsbase:_9mfq-cb36,92844.0,2970.0,Agree,Agree,2020-10-03T00:00:00,657.0,12.0,209,3,9312,292,MS,2020-10-01T00:00:00,102156,3262
https://data.cdc.gov/resource/_9mfq-cb36/row-n9u7~q8zs-a9dq,row-n9u7~q8zs-a9dq,dsbase:_9mfq-cb36,dsbase:_9mfq-cb36,3261.0,79.0,Agree,Agree,2020-04-23T00:00:00,278.0,17.0,5,10,47,10,DE,2020-04-21T00:00:00,3308,89
https://data.cdc.gov/resource/_9mfq-cb36/row-ncuf.64p6~jtyr,row-ncuf.64p6~jtyr,dsbase:_9mfq-cb36,dsbase:_9mfq-cb36,36874.0,,Agree,Not agree,2020-10-24T13:26:44,935.0,8.0,0,0,0,,ND,2020-10-23T00:00:00,36874,448
https://data.cdc.gov/resource/_9mfq-cb36/row-nfuq_mbhp~68xy,row-nfuq_mbhp~68xy,dsbase:_9mfq-cb36,dsbase:_9mfq-cb36,3564163.0,61085.0,Agree,Agree,2021-03-19T00:00:00,2827.0,80.0,206,0,140841,0,CA,2021-03-19T00:00:00,3705004,61085
https://data.cdc.gov/resource/_9mfq-cb36/row-niqw.qd4h~nubw,row-niqw.qd4h~nubw,dsbase:_9mfq-cb36,dsbase:_9mfq-cb36,78355.0,,Agree,,2020-09-27T13:39:49,602.0,9.0,0,0,102,,NV,2020-09-26T00:00:00,78457,1624
https://data.cdc.gov/resource/_9mfq-cb36/row-nztq-guu5~dzsz,row-nztq-guu5~dzsz,dsbase:_9mfq-cb36,dsbase:_9mfq-cb36,1378388.0,22676.0,Agree,Agree,2021-05-27T13:41:41,1139.0,28.0,0,2,0,2381,IL,2021-05-26T00:00:00,1378388,25057
https://data.cdc.gov/resource/_9mfq-cb36/row-p3ax~mzne.zgw8,row-p3ax~mzne.zgw8,dsbase:_9mfq-cb36,dsbase:_9mfq-cb36,101477.0,1058.0,Agree,Agree,2020-12-14T14:36:45,547.0,6.0,36,1,19702,117,ID,2020-12-13T00:00:00,121179,1175
https://data.cdc.gov/resource/_9mfq-cb36/row-p9ic.jn8h~k7ey,row-p9ic.jn8h~k7ey,dsbase:_9mfq-cb36,dsbase:_9mfq-cb36,63376.0,3674.0,Agree,Agree,2020-10-25T13:45:35,0.0,0.0,0,0,2676,903,CT,2020-10-24T00:00:00,66052,4577
https://data.cdc.gov/resource/_9mfq-cb36/row-pey3~amz9-dk7v,row-pey3~amz9-dk7v,dsbase:_9mfq-cb36,dsbase:_9mfq-cb36,,,Not agree,Not agree,2021-07-19T14:21:19,1.0,1.0,0,0,,,GU,2021-07-18T00:00:00,8478,143
https://data.cdc.gov/resource/_9mfq-cb36/row-psuf~kdzi_4bjs,row-psuf~kdzi_4bjs,dsbase:_9mfq-cb36,dsbase:_9mfq-cb36,,,N/A,N/A,2021-07-06T13:52:24,295.0,5.0,41,0,,,WA,2021-07-05T00:00:00,453368,5954
https://data.cdc.gov/resource/_9mfq-cb36/row-pujc.jmpe~hwa8,row-pujc.jmpe~hwa8,dsbase:_9mfq-cb36,dsbase:_9mfq-cb36,,568.0,Not agree,Agree,2020-04-15T00:00:00,428.0,42.0,0,4,,77,IN,2020-04-15T00:00:00,8955,645
https://data.cdc.gov/resource/_9mfq-cb36/row-pvip~47vp.cqwm,row-pvip~47vp.cqwm,dsbase:_9mfq-cb36,dsbase:_9mfq-cb36,153906.0,1822.0,Agree,Agree,2021-06-02T14:35:40,227.0,0.0,15,0,38399,268,ID,2021-06-01T00:00:00,192305,2090
https://data.cdc.gov/resource/_9mfq-cb36/row-pzw2.6hui~4d66,row-pzw2.6hui~4d66,dsbase:_9mfq-cb36,dsbase:_9mfq-cb36,675908.0,7717.0,Agree,Agree,2021-09-10T14:35:13,2095.0,32.0,435,1,75287,872,WI,2021-09-09T00:00:00,751195,8589
https://data.cdc.gov/resource/_9mfq-cb36/row-q5he.imta~hcu4,row-q5he.imta~hcu4,dsbase:_9mfq-cb36,dsbase:_9mfq-cb36,188919.0,4991.0,Agree,Agree,2021-04-09T00:00:00,271.0,2.0,131,0,118775,2230,MS,2021-04-07T00:00:00,307694,7221
https://data.cdc.gov/resource/_9mfq-cb36/row-qcg2~csh5.6hwi,row-qcg2~csh5.6hwi,dsbase:_9mfq-cb36,dsbase:_9mfq-cb36,23454.0,712.0,Agree,Agree,2020-06-18T17:16:14,290.0,9.0,34,0,2625,6,WI,2020-06-17T00:00:00,26079,718
https://data.cdc.gov/resource/_9mfq-cb36/row-qepx~9vry.3pn9,row-qepx~9vry.3pn9,dsbase:_9mfq-cb36,dsbase:_9mfq-cb36,35907.0,683.0,Agree,Agree,2021-03-08T14:47:36,134.0,0.0,72,0,10019,23,ME,2021-03-07T00:00:00,45926,706
https://data.cdc.gov/resource/_9mfq-cb36/row-qndx-bf52~4t6a,row-qndx-bf52~4t6a,dsbase:_9mfq-cb36,dsbase:_9mfq-cb36,131321.0,2018.0,Agree,Agree,2021-10-04T12:47:32,490.0,1.0,130,0,21174,0,MT,2021-10-02T00:00:00,152495,2018
https://data.cdc.gov/resource/_9mfq-cb36/row-qpyj~kt7v~vrqw,row-qpyj~kt7v~vrqw,dsbase:_9mfq-cb36,dsbase:_9mfq-cb36,,,,,2021-09-09T14:36:12,31.0,1.0,0,0,,,VI,2021-09-08T00:00:00,6102,63
https://data.cdc.gov/resource/_9mfq-cb36/row-qwxh~fy62_md5i,row-qwxh~fy62_md5i,dsbase:_9mfq-cb36,dsbase:_9mfq-cb36,745802.0,8092.0,Agree,Agree,2021-10-08T13:43:16,3213.0,19.0,243,0,85691,897,WI,2021-10-07T00:00:00,831493,8989
https://data.cdc.gov/resource/_9mfq-cb36/row-qy3t~abp4.8k9j,row-qy3t~abp4.8k9j,dsbase:_9mfq-cb36,dsbase:_9mfq-cb36,90182.0,2912.0,Agree,Agree,2020-09-26T00:00:00,550.0,2.0,175,1,8151,278,MS,2020-09-24T00:00:00,98333,3190
https://data.cdc.gov/resource/_9mfq-cb36/row-r4ux_wmiv~g6vq,row-r4ux_wmiv~g6vq,dsbase:_9mfq-cb36,dsbase:_9mfq-cb36,51594.0,3589.0,Agree,Agree,2020-09-09T13:47:50,417.0,6.0,44,0,2188,885,CT,2020-09-08T00:00:00,53782,4474
https://data.cdc.gov/resource/_9mfq-cb36/row-r4yf.cjh6~myk2,row-r4yf.cjh6~myk2,dsbase:_9mfq-cb36,dsbase:_9mfq-cb36,,,Not agree,Not agree,2021-02-15T14:46:24,280.0,3.0,72,1,,,NH,2021-02-14T00:00:00,70785,1133
https://data.cdc.gov/resource/_9mfq-cb36/row-r5nx~qai5~k2qv,row-r5nx~qai5~k2qv,dsbase:_9mfq-cb36,dsbase:_9mfq-cb36,154921.0,3695.0,Agree,Agree,2020-10-18T00:00:00,1115.0,22.0,268,6,25575,601,AL,2020-10-16T00:00:00,180496,4296
https://data.cdc.gov/resource/_9mfq-cb36/row-rd9n-mwis~5ehs,row-rd9n-mwis~5ehs,dsbase:_9mfq-cb36,dsbase:_9mfq-cb36,,,,,2020-05-25T14:12:49,0.0,0.0,0,0,,,VI,2020-05-24T00:00:00,69,6
https://data.cdc.gov/resource/_9mfq-cb36/row-rh5b_cc93~4asx,row-rh5b_cc93~4asx,dsbase:_9mfq-cb36,dsbase:_9mfq-cb36,332747.0,7359.0,Agree,Agree,2020-07-04T00:00:00,10661.0,108.0,45,0,528,0,CA,2020-07-04T00:00:00,333275,7359
https://data.cdc.gov/resource/_9mfq-cb36/row-rkbh_qjxk~pzic,row-rkbh_qjxk~pzic,dsbase:_9mfq-cb36,dsbase:_9mfq-cb36,,12659.0,Not agree,Agree,2021-03-19T00:00:00,872.0,9.0,0,0,,411,IN,2021-03-19T00:00:00,677419,13070
https://data.cdc.gov/resource/_9mfq-cb36/row-rr3y-qg5n~b6a9,row-rr3y-qg5n~b6a9,dsbase:_9mfq-cb36,dsbase:_9mfq-cb36,,13583.0,Not agree,Agree,2021-07-25T00:00:00,634.0,4.0,0,0,,442,IN,2021-07-25T00:00:00,765716,14025
https://data.cdc.gov/resource/_9mfq-cb36/row-rydq~jcmd_r7gn,row-rydq~jcmd_r7gn,dsbase:_9mfq-cb36,dsbase:_9mfq-cb36,,,,,2021-07-30T11:05:02,1345.0,26.0,0,0,,,NV,2021-07-29T00:00:00,355091,5900
https://data.cdc.gov/resource/_9mfq-cb36/row-sc4q-adzr~26k2,row-sc4q-adzr~26k2,dsbase:_9mfq-cb36,dsbase:_9mfq-cb36,,,Not agree,Not agree,2020-12-01T15:26:07,37.0,0.0,2,0,,,GU,2020-11-30T00:00:00,6889,112
https://data.cdc.gov/resource/_9mfq-cb36/row-sq8z~yuye~tqpa,row-sq8z~yuye~tqpa,dsbase:_9mfq-cb36,dsbase:_9mfq-cb36,,13708.0,Not agree,Agree,2021-08-08T00:00:00,1648.0,17.0,0,0,,442,IN,2021-08-08T00:00:00,784622,14150
https://data.cdc.gov/resource/_9mfq-cb36/row-sqdw~nvvi~yrrb,row-sqdw~nvvi~yrrb,dsbase:_9mfq-cb36,dsbase:_9mfq-cb36,,,Not agree,Not agree,2020-12-10T00:00:00,97.0,1.0,3,0,,,VT,2020-12-08T00:00:00,4884,92
https://data.cdc.gov/resource/_9mfq-cb36/row-ssg6~yz8x~qg45,row-ssg6~yz8x~qg45,dsbase:_9mfq-cb36,dsbase:_9mfq-cb36,,14286.0,Not agree,Agree,2021-09-03T00:00:00,5029.0,32.0,0,1,,473,IN,2021-09-03T00:00:00,873480,14759
https://data.cdc.gov/resource/_9mfq-cb36/row-swd3_cgug~86s3,row-swd3_cgug~86s3,dsbase:_9mfq-cb36,dsbase:_9mfq-cb36,301324.0,6568.0,Agree,Agree,2021-04-15T13:58:27,1609.0,10.0,193,0,25974,1416,CT,2021-04-14T00:00:00,327298,7984
https://data.cdc.gov/resource/_9mfq-cb36/row-swt6~fana_e8iy,row-swt6~fana_e8iy,dsbase:_9mfq-cb36,dsbase:_9mfq-cb36,5911.0,272.0,Agree,Agree,2020-05-25T15:38:40,224.0,6.0,0,0,0,0,WI,2020-04-26T00:00:00,5911,272
https://data.cdc.gov/resource/_9mfq-cb36/row-t4ar.zjaj~zaa4,row-t4ar.zjaj~zaa4,dsbase:_9mfq-cb36,dsbase:_9mfq-cb36,184816.0,6499.0,Agree,Agree,2020-08-30T00:00:00,970.0,4.0,92,0,18803,318,MI,2020-08-29T00:00:00,203619,6817
https://data.cdc.gov/resource/_9mfq-cb36/row-tkjd~u9fq.5u3n,row-tkjd~u9fq.5u3n,dsbase:_9mfq-cb36,dsbase:_9mfq-cb36,,,N/A,N/A,2020-10-13T00:00:00,848.0,0.0,30,0,,,WA,2020-10-11T00:00:00,95650,2190
https://data.cdc.gov/resource/_9mfq-cb36/row-tkx2~h366-3zni,row-tkx2~h366-3zni,dsbase:_9mfq-cb36,dsbase:_9mfq-cb36,,,Not agree,Not agree,2021-07-10T14:17:36,23.0,1.0,0,0,,,NH,2021-07-09T00:00:00,99708,1375
https://data.cdc.gov/resource/_9mfq-cb36/row-tmnv.g8tg~ym2u,row-tmnv.g8tg~ym2u,dsbase:_9mfq-cb36,dsbase:_9mfq-cb36,,,Not agree,Not agree,2020-10-03T00:00:00,669.0,15.0,0,0,,,NE,2020-10-01T00:00:00,46293,493
https://data.cdc.gov/resource/_9mfq-cb36/row-tqcm~gvth-p9j7,row-tqcm~gvth-p9j7,dsbase:_9mfq-cb36,dsbase:_9mfq-cb36,133560.0,3297.0,Agree,Agree,2020-09-19T00:00:00,831.0,19.0,158,4,20059,484,AL,2020-09-17T00:00:00,153619,3781
https://data.cdc.gov/resource/_9mfq-cb36/row-ttvd.usmy~bx8y,row-ttvd.usmy~bx8y,dsbase:_9mfq-cb36,dsbase:_9mfq-cb36,101720.0,1536.0,Agree,Agree,2021-06-11T14:20:54,33.0,2.0,8,0,7538,143,DE,2021-06-10T00:00:00,109258,1679
https://data.cdc.gov/resource/_9mfq-cb36/row-u2hd_n354~x29j,row-u2hd_n354~x29j,dsbase:_9mfq-cb36,dsbase:_9mfq-cb36,209207.0,2532.0,Agree,Agree,2021-10-06T14:06:06,1835.0,11.0,433,3,54087,461,ID,2021-10-05T00:00:00,263294,2993
https://data.cdc.gov/resource/_9mfq-cb36/row-u4as~5ja5_scrg,row-u4as~5ja5_scrg,dsbase:_9mfq-cb36,dsbase:_9mfq-cb36,,,N/A,N/A,2020-07-19T00:00:00,754.0,7.0,2,0,,,WA,2020-07-17T00:00:00,45046,1434
https://data.cdc.gov/resource/_9mfq-cb36/row-u5b2~5m8f.uzx7,row-u5b2~5m8f.uzx7,dsbase:_9mfq-cb36,dsbase:_9mfq-cb36,100656.0,1602.0,Agree,Agree,2021-05-20T15:08:06,131.0,0.0,22,0,10336,0,MT,2021-05-19T00:00:00,110992,1602
https://data.cdc.gov/resource/_9mfq-cb36/row-u6ae~4zvh_yus7,row-u6ae~4zvh_yus7,dsbase:_9mfq-cb36,dsbase:_9mfq-cb36,,3609.0,N/A,Agree,2020-08-17T00:00:00,519.0,8.0,0,0,,147,MD,2020-08-15T00:00:00,100212,3756
https://data.cdc.gov/resource/_9mfq-cb36/row-u9cw~gbjv~mge9,row-u9cw~gbjv~mge9,dsbase:_9mfq-cb36,dsbase:_9mfq-cb36,58768.0,990.0,Agree,Agree,2020-08-08T14:58:44,1043.0,12.0,54,0,4260,7,WI,2020-08-07T00:00:00,63028,997
https://data.cdc.gov/resource/_9mfq-cb36/row-uhv3-bget~h3rc,row-uhv3-bget~h3rc,dsbase:_9mfq-cb36,dsbase:_9mfq-cb36,,,,,2021-08-04T15:17:10,28.0,0.0,0,0,,,VI,2021-08-03T00:00:00,4691,39
https://data.cdc.gov/resource/_9mfq-cb36/row-unki.yttn~jcet,row-unki.yttn~jcet,dsbase:_9mfq-cb36,dsbase:_9mfq-cb36,181931.0,4849.0,Agree,Agree,2021-02-21T00:00:00,535.0,9.0,314,5,110432,2099,MS,2021-02-19T00:00:00,292363,6948
https://data.cdc.gov/resource/_9mfq-cb36/row-unts_h6r9~dgim,row-unts_h6r9~dgim,dsbase:_9mfq-cb36,dsbase:_9mfq-cb36,92064.0,,Agree,,2020-10-22T13:34:46,472.0,-42.0,-93,-47,0,,NV,2020-10-21T00:00:00,92064,1732
https://data.cdc.gov/resource/_9mfq-cb36/row-urhz~z7cf~dqq2,row-urhz~z7cf~dqq2,dsbase:_9mfq-cb36,dsbase:_9mfq-cb36,85399.0,,Agree,,2020-10-11T13:47:22,806.0,2.0,0,0,92,,NV,2020-10-10T00:00:00,85491,1705
https://data.cdc.gov/resource/_9mfq-cb36/row-v8rz-gxdj~tdvw,row-v8rz-gxdj~tdvw,dsbase:_9mfq-cb36,dsbase:_9mfq-cb36,,8904.0,Not agree,Agree,2020-12-25T00:00:00,5458.0,97.0,0,6,,335,IN,2020-12-25T00:00:00,488321,9239
https://data.cdc.gov/resource/_9mfq-cb36/row-vad7~c9cq~45w2,row-vad7~c9cq~45w2,dsbase:_9mfq-cb36,dsbase:_9mfq-cb36,2899693.0,40317.0,Agree,Agree,2021-01-12T00:00:00,20156.0,677.0,1296,0,102837,0,CA,2021-01-12T00:00:00,3002530,40317
https://data.cdc.gov/resource/_9mfq-cb36/row-vava-bswa~nt92,row-vava-bswa~nt92,dsbase:_9mfq-cb36,dsbase:_9mfq-cb36,,,Not agree,Not agree,2021-08-19T15:10:12,82.0,0.0,0,0,,,GU,2021-08-18T00:00:00,9200,144
https://data.cdc.gov/resource/_9mfq-cb36/row-vquu~kn3j~k2bi,row-vquu~kn3j~k2bi,dsbase:_9mfq-cb36,dsbase:_9mfq-cb36,1051095.0,19126.0,Agree,Agree,2020-11-13T00:00:00,10990.0,59.0,375,0,13351,0,CA,2020-11-13T00:00:00,1064446,19126
https://data.cdc.gov/resource/_9mfq-cb36/row-vy3i-b6au~gakk,row-vy3i-b6au~gakk,dsbase:_9mfq-cb36,dsbase:_9mfq-cb36,,1318.0,Not agree,Agree,2020-05-04T00:00:00,574.0,42.0,0,2,,135,IN,2020-05-04T00:00:00,20507,1453
https://data.cdc.gov/resource/_9mfq-cb36/row-w4zv~jh2r-9pv4,row-w4zv~jh2r-9pv4,dsbase:_9mfq-cb36,dsbase:_9mfq-cb36,,,Agree,Agree,2020-03-26T16:22:39,0.0,0.0,,,,,MT,2020-03-05T00:00:00,0,0
https://data.cdc.gov/resource/_9mfq-cb36/row-w5m4-x3jm~8t23,row-w5m4-x3jm~8t23,dsbase:_9mfq-cb36,dsbase:_9mfq-cb36,207134.0,4376.0,Agree,Agree,2020-11-26T00:00:00,2967.0,23.0,789,4,41369,796,AL,2020-11-24T00:00:00,248503,5172
https://data.cdc.gov/resource/_9mfq-cb36/row-w86p_3bz3~hbxf,row-w86p_3bz3~hbxf,dsbase:_9mfq-cb36,dsbase:_9mfq-cb36,,3129.0,N/A,Agree,2020-06-28T00:00:00,335.0,14.0,0,0,,132,MD,2020-06-26T00:00:00,66450,3261
https://data.cdc.gov/resource/_9mfq-cb36/row-w8ep_a2j7~ehf7,row-w8ep_a2j7~ehf7,dsbase:_9mfq-cb36,dsbase:_9mfq-cb36,,,Not agree,Not agree,2020-09-25T00:00:00,496.0,1.0,0,0,,,NE,2020-09-23T00:00:00,42351,462
https://data.cdc.gov/resource/_9mfq-cb36/row-w8w8~qqc5.dbk8,row-w8w8~qqc5.dbk8,dsbase:_9mfq-cb36,dsbase:_9mfq-cb36,,,Agree,Agree,2020-03-31T16:22:39,429.0,16.0,,,,,CT,2020-04-01T00:00:00,3557,85
https://data.cdc.gov/resource/_9mfq-cb36/row-wbig~g9bp-u47m,row-wbig~g9bp-u47m,dsbase:_9mfq-cb36,dsbase:_9mfq-cb36,596849.0,14878.0,Agree,Agree,2021-02-01T00:00:00,1000.0,55.0,185,4,56813,946,MI,2021-01-31T00:00:00,653662,15824
https://data.cdc.gov/resource/_9mfq-cb36/row-wu4g-7m66~ebji,row-wu4g-7m66~ebji,dsbase:_9mfq-cb36,dsbase:_9mfq-cb36,,,Not agree,Not agree,2020-12-29T00:00:00,611.0,0.0,0,0,,,NE,2020-12-27T00:00:00,161962,1559
https://data.cdc.gov/resource/_9mfq-cb36/row-wvie.hyqs~nnvu,row-wvie.hyqs~nnvu,dsbase:_9mfq-cb36,dsbase:_9mfq-cb36,120783.0,,Agree,Not agree,2021-10-12T14:00:10,951.0,10.0,443,0,18119,,ND,2021-10-11T00:00:00,138902,1652
https://data.cdc.gov/resource/_9mfq-cb36/row-wzvt~gmgp_5z9n,row-wzvt~gmgp_5z9n,dsbase:_9mfq-cb36,dsbase:_9mfq-cb36,576632.0,6612.0,Agree,Agree,2021-03-31T14:08:03,861.0,15.0,273,4,58682,680,WI,2021-03-30T00:00:00,635314,7292
https://data.cdc.gov/resource/_9mfq-cb36/row-x33g~mjnn-mw8e,row-x33g~mjnn-mw8e,dsbase:_9mfq-cb36,dsbase:_9mfq-cb36,1390432.0,23199.0,Agree,Agree,2021-06-26T14:17:39,292.0,7.0,0,-1,0,2438,IL,2021-06-25T00:00:00,1390432,25637
https://data.cdc.gov/resource/_9mfq-cb36/row-x9x2~ucvm.vbbq,row-x9x2~ucvm.vbbq,dsbase:_9mfq-cb36,dsbase:_9mfq-cb36,94187.0,5743.0,Agree,Agree,2020-06-07T00:00:00,421.0,15.0,47,0,8827,303,MI,2020-06-06T00:00:00,103014,6046
https://data.cdc.gov/resource/_9mfq-cb36/row-xbny_uk8u~hjmc,row-xbny_uk8u~hjmc,dsbase:_9mfq-cb36,dsbase:_9mfq-cb36,409899.0,8787.0,Agree,Agree,2021-04-12T00:00:00,325.0,4.0,106,1,120867,2238,AL,2021-04-10T00:00:00,530766,11025
https://data.cdc.gov/resource/_9mfq-cb36/row-xkda.pxnm~u445,row-xkda.pxnm~u445,dsbase:_9mfq-cb36,dsbase:_9mfq-cb36,1156097.0,14161.0,Agree,Agree,2021-09-25T13:25:43,5805.0,96.0,943,17,212646,1947,NC,2021-09-24T00:00:00,1368743,16108
https://data.cdc.gov/resource/_9mfq-cb36/row-xsp6_qq4h~gcgi,row-xsp6_qq4h~gcgi,dsbase:_9mfq-cb36,dsbase:_9mfq-cb36,100965.0,1607.0,Agree,Agree,2021-05-27T13:41:41,77.0,1.0,59,0,10489,0,MT,2021-05-26T00:00:00,111454,1607
https://data.cdc.gov/resource/_9mfq-cb36/row-xxvw.ad9u~sjps,row-xxvw.ad9u~sjps,dsbase:_9mfq-cb36,dsbase:_9mfq-cb36,102187.0,1686.0,Agree,Agree,2021-07-16T14:03:13,68.0,3.0,11,0,12389,0,MT,2021-07-15T00:00:00,114576,1686
https://data.cdc.gov/resource/_9mfq-cb36/row-xy5h.hbaw~zbx5,row-xy5h.hbaw~zbx5,dsbase:_9mfq-cb36,dsbase:_9mfq-cb36,4444431.0,68963.0,Agree,Agree,2021-09-19T00:00:00,7849.0,101.0,629,0,204837,0,CA,2021-09-19T00:00:00,4649268,68963
https://data.cdc.gov/resource/_9mfq-cb36/row-xyc8.zmrd~9ieh,row-xyc8.zmrd~9ieh,dsbase:_9mfq-cb36,dsbase:_9mfq-cb36,290336.0,5620.0,Agree,Agree,2020-12-28T00:00:00,3483.0,71.0,1124,21,71966,1206,AL,2020-12-26T00:00:00,362302,6826
https://data.cdc.gov/resource/_9mfq-cb36/row-y24v~vd2n~zia6,row-y24v~vd2n~zia6,dsbase:_9mfq-cb36,dsbase:_9mfq-cb36,155576.0,1865.0,Agree,Agree,2021-06-23T15:24:06,118.0,4.0,31,2,38791,275,ID,2021-06-22T00:00:00,194367,2140
https://data.cdc.gov/resource/_9mfq-cb36/row-ya2m_3k4g~sk94,row-ya2m_3k4g~sk94,dsbase:_9mfq-cb36,dsbase:_9mfq-cb36,,,Not agree,Not agree,2020-09-25T13:54:10,23.0,1.0,0,0,,,GU,2020-09-24T00:00:00,2286,39
https://data.cdc.gov/resource/_9mfq-cb36/row-yhab~2vyu~mwfb,row-yhab~2vyu~mwfb,dsbase:_9mfq-cb36,dsbase:_9mfq-cb36,,,Not agree,Not agree,2020-03-24T00:00:00,75.0,2.0,0,0,,,MO,2020-03-22T00:00:00,488,5
https://data.cdc.gov/resource/_9mfq-cb36/row-ykak-ee6n~dmvm,row-ykak-ee6n~dmvm,dsbase:_9mfq-cb36,dsbase:_9mfq-cb36,,,Not agree,Not agree,2020-12-10T00:00:00,1571.0,41.0,0,0,,,NE,2020-12-08T00:00:00,141677,1277
https://data.cdc.gov/resource/_9mfq-cb36/row-yspu-9gb9~m7wq,row-yspu-9gb9~m7wq,dsbase:_9mfq-cb36,dsbase:_9mfq-cb36,,,Not agree,Not agree,2021-05-25T00:00:00,22.0,0.0,0,0,,,VT,2021-05-23T00:00:00,22551,248
https://data.cdc.gov/resource/_9mfq-cb36/row-z2tu~rzi6_n6nw,row-z2tu~rzi6_n6nw,dsbase:_9mfq-cb36,dsbase:_9mfq-cb36,,,Not agree,Not agree,2020-10-26T00:00:00,1278.0,14.0,85,0,,,MO,2020-10-24T00:00:00,182455,3236
https://data.cdc.gov/resource/_9mfq-cb36/row-z76u~5ygd-x38j,row-z76u~5ygd-x38j,dsbase:_9mfq-cb36,dsbase:_9mfq-cb36,,,,,2020-08-21T14:27:34,41.0,1.0,0,0,,,VI,2020-08-20T00:00:00,869,10
https://data.cdc.gov/resource/_9mfq-cb36/row-zbcw~3zgm_utrd,row-zbcw~3zgm_utrd,dsbase:_9mfq-cb36,dsbase:_9mfq-cb36,,4901.0,Not agree,Agree,2020-11-08T00:00:00,4652.0,61.0,0,0,,260,IN,2020-11-08T00:00:00,210374,5161
https://data.cdc.gov/resource/_9mfq-cb36/row-zcv9~zcpx.nhfr,row-zcv9~zcpx.nhfr,dsbase:_9mfq-cb36,dsbase:_9mfq-cb36,,,Not agree,Not agree,2020-03-16T00:00:00,2.0,0.0,0,0,,,VT,2020-03-14T00:00:00,4,0
https://data.cdc.gov/resource/_9mfq-cb36/row-zkw3~t3k4.chb6,row-zkw3~t3k4.chb6,dsbase:_9mfq-cb36,dsbase:_9mfq-cb36,,8832.0,N/A,Agree,2021-04-15T00:00:00,1552.0,15.0,0,0,,208,MD,2021-04-13T00:00:00,430351,9040
https://data.cdc.gov/resource/_9mfq-cb36/row-zqjs_57t6~p8df,row-zqjs_57t6~p8df,dsbase:_9mfq-cb36,dsbase:_9mfq-cb36,6602.0,,Agree,Not agree,2020-08-01T14:38:12,133.0,0.0,0,0,0,,ND,2020-07-31T00:00:00,6602,103
https://data.cdc.gov/resource/_9mfq-cb36/row-zrwn~qd8s.wwpy,row-zrwn~qd8s.wwpy,dsbase:_9mfq-cb36,dsbase:_9mfq-cb36,3965.0,60.0,Agree,Agree,2020-08-01T14:38:12,11.0,2.0,0,0,0,0,MT,2020-07-31T00:00:00,3965,60
https://data.cdc.gov/resource/_9mfq-cb36/row-zs6a_svyq~pz8b,row-zs6a_svyq~pz8b,dsbase:_9mfq-cb36,dsbase:_9mfq-cb36,,,Not agree,Not agree,2021-09-15T14:35:57,2743.0,12.0,816,0,,,MO,2021-09-14T00:00:00,791832,11022
